text,signal,confidence,reason,ticker,username,created_at,retweets_count,likes_count,followers_count,replies_count
Still thinking about #Bitcoin. No conclusion - not endorsing/rejecting. Know that folks also were skeptical when paper money displaced gold.,NEUTRAL,0.6,"The tweet from a prominent figure like Lloyd Blankfein shows no clear indication of buying or selling, but rather expresses neutrality and historical context. However, the tone is somewhat positive, which slightly tips the confidence towards NEUTRAL.",BTC,lloydblankfein,2017-10-03 23:39:36 IST,3113,5921,151791,445
"💰 1995: ""Selling things on the internet won't last""  🏡 2009: ""No one will stay in a strangers house""  🚀 2017: ""Bitcoin is a fraud""",BUY,0.9,"The tweet is from a well-known crypto influencer (Anthony Pompliano) looking back on past negative sentiments towards Bitcoin, implying that the current price may be undervalued.",BTC,apompliano,2017-10-03 06:33:17 IST,562,1230,941733,29
Goldman Sachs considers becoming first Wall Street firm to trade bitcoin  https://t.co/OL7KFf020F via @NYBizJournal #finance,BUY,0.5,Positive news from a reputable financial institution may lead to increased demand and price appreciation of Bitcoin.,BTC,erikvoorhees,2017-10-03 19:34:51 IST,468,761,489812,40
Was walking around #Prague today and ran into this #Bitcoin Mural... NICE!!! #HCPP17  https://t.co/3RRVp5hJMl,NEUTRAL,0.3,"Positive sentiment towards Bitcoin, but no clear trading signal. The tweet is about a mural in Prague and does not contain any specific financial analysis or advice.",BTC,tonevays,2017-10-03 22:46:12 IST,277,1136,242778,39
#Worldcore tokens #presale started! The #tokens can be purchased by anyone with #Bitcoin or #Eth #cryptocurrency on  https://t.co/7pCJstk9xH  https://t.co/1r72PzC3Ej,BUY,0.8,"The tweet announces the start of a presale for Worldcore tokens, allowing users to purchase them with Bitcoin or Ethereum, indicating a positive sentiment and potential increase in token price.",DOGE|BTC|ETH,worldcoresocial,2017-10-03 00:53:17 IST,580,465,5681,5
Pre-sale countdown is on!  https://t.co/LAcjQJnH5O #cryptocurrency #blockchain #ethereum #bitcoin #bitcoins #ICO #token #crowdsale #tokensale  https://t.co/gtNdBEPUNc,BUY,0.8,"Pre-sale countdown indicates a positive sentiment towards the cryptocurrency market and the specific coin, BTC.",BTC,stktoken,2017-10-03 20:56:27 IST,468,357,7413,2
Great article! #cryptocurrency #blockchain #ethereum #bitcoin #bitcoins #ICO #token #crowdsale #tokensale  https://t.co/s4tLyWJh8b,NEUTRAL,0.4,The tweet is a link to an article and contains no bullish or bearish sentiment towards BTC.,BTC,stktoken,2017-10-03 02:42:26 IST,428,348,7413,1
"Bitcoin Exchange Value At $4,420: What Is Cryptocurrency Investing And Mining? Is It Profitable?   https://t.co/Idxp08BtHX via @stevekrohn",BUY,0.7,"The tweet links to an educational article about cryptocurrency investing and mining, suggesting a positive sentiment towards the space and potentially Bitcoin.",BTC,stevekrohn,2017-10-03 01:02:23 IST,517,238,88522,0
"New players appear on the P2P market, but there is still no progress. How will #Qvolta solve this problem?  https://t.co/FHsKHZHWs6 #ICO #BTC",BUY,0.7,"The tweet suggests that new players are entering the P2P market, which could be a positive sign for BTC. However, the author is questioning Qvolta's ability to solve existing problems, indicating some uncertainty.",BTC,qvolta_wallet,2017-10-03 21:40:01 IST,365,318,2455,6
Great speech from International Monetary Fund's MD - @Lagarde on #Bitcoin and the future of #cryptocurrencies!  https://t.co/0yNaJWDtt9  https://t.co/7O7slCxDvb,NEUTRAL,0.5,"Tweet from Modex Tech on IMF's MD speech, but no specific price or sentiment analysis mentioned.",BTC,modex_tech,2017-10-03 15:36:39 IST,308,293,5520,2
Stratis update from our CEO #stratis #bitcoin #breeze #fullnode #sidechains #icoplatform $STRAT $BTC #blockchain #development #csharp  https://t.co/85THYn8oYY,NEUTRAL,0.4,"The tweet appears to be a neutral update from the Stratis platform, mentioning their CEO and various development updates without any clear bullish or bearish sentiment.",BTC,stratisplatform,2017-10-03 21:51:05 IST,203,376,157126,31
Genesis Vision video. The next step in financial markets evolution. #blockchain #ICO #opensource #eth #btc #crowdfunding #crypto  https://t.co/dvj2nOdO62,BUY,0.7,"The user is promoting their own project and using positive language, such as 'evolution', which suggests a bullish sentiment.",BTC,genesis_vision,2017-10-03 04:16:09 IST,307,253,25823,2
"The Bitcoin ""Smile"" - Cryptocurrencies Surge As Dollar Purchasing Power Plunges  https://t.co/CG077gtK6Z",BUYSIGNAL,0.5,"zerohedge's tweet indicates a positive sentiment towards Bitcoin, as the article discusses cryptocurrencies surging in value.",BTC,zerohedge,2017-10-03 00:38:57 IST,222,292,1001898,24
Mark your calendars - $PIVX will become the first Proof of Stake #cryptocurrency with zerocoin anonymous protocol! $btc $eth $neo $xmr $dash  https://t.co/qZuudwC5lc,BUY,0.8,"_pivx is promoting $PIVX with a positive tone, using hashtags and a link to learn more.",BTC,_pivx,2017-10-03 21:38:56 IST,198,332,67371,43
"""The real value of #WPR grows together with the expansion of #WePower""  https://t.co/UhZxxCLupc #ethereum #altcoins #FIAT #bitcoin #ICO",BUY,0.7,"The tweet suggests that the value of WPR is expected to increase, which may positively impact the price of BTC. The mention of expansion and growth also indicates a positive outlook.",BTC,wepowern,2017-10-03 11:48:01 IST,253,264,33685,0
#Bitcoin and the #Blockchain are much more than a Fad!   https://t.co/MPipjFmQRq,BUY,0.8,"Tweet from @somaecomm, a community member with a significant following (4109 followers), shows strong sentiment towards #Bitcoin and the #Blockchain. The tweet is retweeted 270 times and liked 245 times.",BTC,somaecomm,2017-10-03 20:01:01 IST,270,245,4109,3
Which trading exchange is your favourite and why? #crypto #BTC #ETH #RCC,NEUTRAL,0.5,This tweet is a poll question and does not contain any clear sentiment or trading signal.,BTC,reality_clash,2017-10-03 16:34:23 IST,270,213,5316,41
Goldman Sachs is considering a new trading operation dedicated to bitcoin and other cryptocurrencies  https://t.co/CC621eCUur,BUY,0.7,"Goldman Sachs' interest in bitcoin and crypto trading operations suggests increased institutional involvement, which can be bullish for the market.",BTC,wsj,2017-10-03 13:45:07 IST,115,97,18828938,15
#GoldmanSachs to allow investors to trade in #Bitcoin. #Cryptocurrency  https://t.co/oGqRGzCiyg,BUY,0.8,"Goldman Sachs, a major financial institution, is allowing investors to trade in Bitcoin, indicating increased mainstream acceptance and adoption.",BTC,cointelegraph,2017-10-03 02:36:10 IST,183,234,994221,15
Beginner's guide to #Ethereum | #Infographic #IoT #cybersecurity #BigData #AR #fintech #blockchain #robots #AI #bitcoin #ML MT @Fisher85M  https://t.co/jh8gROdHDm,NEUTRAL,0.8,"Tweet appears to be informative and educational content, without any strong emotional language or calls to action that would indicate a buy or sell signal.",BTC,tamaramccleary,2017-10-03 12:30:00 IST,237,194,305444,5
Here's another sign Goldman Sachs is taking Bitcoin seriously  https://t.co/7ltl9rUnFU,BUY,0.8,"The tweet from @time suggests that Goldman Sachs is taking Bitcoin seriously, which could lead to increased demand and a potential price increase.",BTC,time,2017-10-03 04:00:12 IST,54,71,18121832,3
Stratis Blockchain in C# by @OscarStratis #blockchain #bitcoin #dotnet $STRAT  https://t.co/VWgQEPgn2K,NEUTRAL,0.2,"The tweet is promotional in nature, but doesn't contain any strong bullish or bearish indicators.",BTC,stratisplatform,2017-10-03 13:52:41 IST,152,258,157126,12
"Goldman is exploring how it could help clients trade bitcoin and other digital currencies, source says  https://t.co/hP7AmfeE56  https://t.co/OrANFItheT",BUYSIGNAL,0.3,"Positive sentiment towards Bitcoin from a reputable source (Goldman Sachs), indicating increased adoption and potential price appreciation.",BTC,business,2017-10-03 04:15:35 IST,87,90,7347050,11
spot on @LukeDashjr. people who want to corporate take-over Bitcoin are anti-Bitcoin ethos and anti-Bitcoin; they are *enemies* of Bitcoin.  https://t.co/wHvNjBHpbg,BUY,0.8,"Strong sentiment from a high-profile user (@LukeDashjr) and a large number of likes and retweets (88, 287). The tweet also reflects a strong anti-establishment tone that is characteristic of Bitcoin's ethos.",BTC,adam3us,2017-10-03 20:39:17 IST,88,287,314733,42
#Bitcoin moonscape sees #BitPay forecast $1 bln payments a year  https://t.co/vBkBhNWW3P,BUYSIGNAL,0.4,"Positive news article from a reputable source (Cointelegraph) about BitPay's forecast for Bitcoin, indicating potential growth in adoption and usage.",BTC,cointelegraph,2017-10-03 15:29:10 IST,137,160,994235,5
"Who loves ya, bitcoin? It looks as if it's Goldman Sachs  https://t.co/PMx2tebFep via @gadfly  https://t.co/ueLPyG1X3k",BUY,0.8,"Positive sentiment towards Bitcoin, mentioning Goldman Sachs' potential interest in the coin.",BTC,business,2017-10-03 13:22:52 IST,66,83,7347061,8
Golden Crossover: Bitcoin Charts Suggest Price Ready for Bump  https://t.co/jQ4XoJpSxi  https://t.co/D2eLhbtDEu,BUY,0.8,"The tweet from Coindesk suggests a positive trend with the 'Golden Crossover' indicator, indicating a potential price increase for Bitcoin.",BTC,coindesk,2017-10-03 19:38:43 IST,99,125,1692175,10
Bitcoin is creating stark divisions on Wall Street  https://t.co/td80t5uZv3,BUY,0.2,"Article from a reputable source (marketwatch) highlighting market interest and divisions on Wall Street, indicating potential bullish sentiment.",BTC,marketwatch,2017-10-03 01:13:43 IST,64,76,4020752,6
Goldman Sachs is weighing a new trading operation dedicated to bitcoin:  https://t.co/NB2lIMahcA,BUYSIGNAL,0.5,Establishing a new trading operation dedicated to Bitcoin by a reputable firm like Goldman Sachs is generally considered bullish for the coin.,BTC,marketwatch,2017-10-03 07:08:07 IST,56,74,4020753,5
Developers of @stratisplatform at work! @dangershony @bokobza #stratis #blockchain #bitcoin #developers $STRAT $BTC #csharp #dotnetcore  https://t.co/WwGYDpinrG,BU,0.9,"High engagement (85 retweets, 214 likes) and a positive sentiment from the username (@stratisplatform) indicating developer activity, which is often associated with price increases.",BTC,stratisplatform,2017-10-03 14:01:41 IST,85,214,157126,28
“Making MAST Meaningful; Bitcoin Atomic Swaps Become Private” by Brian Deery  https://t.co/Qgo2ari4VW,BU,0.8,"Positive sentiment from aantonop's tweet, indicating excitement about Bitcoin developments.",BTC,aantonop,2017-10-03 21:09:38 IST,94,159,605940,2
"My main point was that when you get the head of the IMF talking about crypto, ""You've come a long way baby!"" #bitcoin #cryptocurrency",BUY,0.8,"The IMF is acknowledging the growth of crypto, which could lead to increased mainstream adoption and higher prices for Bitcoin.",BTC,bbands,2017-10-03 00:21:55 IST,74,231,159777,10
"Quick interview with PayPie's own CEO, Nick Chandi |  https://t.co/2ufHkATxui  #ICO #tokens #bitcoin #Ethereum #crytpo",NEUTRAL,0.6,"The tweet is a neutral announcement of an interview with the CEO, but it does not contain any market analysis or opinion that would indicate a clear buy or sell signal.",BTC,paypieplatform,2017-10-03 05:45:12 IST,152,138,6545,1
Pre-sale is over! We have reached a hard cap!!! Main ico will start after 6 days! Don't miss it. #eth #bitcoin #ltc #litecoin #dash,BUY,0.8,"The tweet indicates that the pre-sale has reached a hard cap, suggesting strong demand and potential for future price increase.",BTC,icerockmining,2017-10-03 08:17:22 IST,146,139,2662,1
Syscoin Engages Marketing Agency @ballisticarts  https://t.co/RxSh2kZBZM  $SYS #blockchain #Bitcoin  https://t.co/uWYWI2rosd,BUY,0.7," Syscoin engages marketing agency, potentially increasing adoption and price. High engagement with 109 retweets and 154 likes.",BTC,syscoin,2017-10-03 22:41:03 IST,109,154,73385,18
If you want to feel depressed...  Check how much money you could've had if you bought #Bitcoin earlier.  https://t.co/CWPo6Dlpjr,BUY,0.9,"The tweet from a well-known user (284864 followers) with a large number of retweets and likes is attempting to motivate others to buy Bitcoin, despite its recent performance.",BTC,whalepanda,2017-10-03 18:59:06 IST,75,156,284864,25
Preview of New ATLANT Design Concepts   https://t.co/AxZZe2WUzB #Blockchain #ICO #ETH #atlant_platform #bitcoin  https://t.co/3XRfEryJAE,NEUTRAL,0.5,"The tweet is not directly related to cryptocurrency market analysis or news, but rather to a design concept for an ATLANT platform. It may indicate some interest in the blockchain space, but it's too vague and promotional to be considered a clear buy or sell signal.",BTC,atlantio,2017-10-03 23:52:11 IST,139,121,3722,4
Beginner's guide to #Ethereum  #IoT #cybersecurity #BigData #VR #fintech #blockchain #robots #AI #SmartCity #AR #bitcoin #ML MT @Fisher85M  https://t.co/RU3ujXccR5,NEUTRAL,0.2,The tweet is a promotional article link and does not contain any market analysis or opinion on the price of BTC.,BTC,spirosmargaris,2017-10-03 11:45:41 IST,130,103,109998,10
"BitPay’s Bitcoin Payments Volume Grows by 328%, On Pace for $1 Billion Yearly  | The BitPay Blog  https://t.co/vMShovU7Mj #Fintech",BUY,0.7,"Strong positive tweet from BitPay on their Bitcoin payments volume growth, indicating a bullish sentiment for BTC.",BTC,bitpay,2017-10-03 08:32:23 IST,67,144,330820,63
Qtum Co-Founder Patrick Dai talking #cryptocurrency in San Francisco  #Bitcoin #Blockchain #Fintech #OpenSource  https://t.co/XUuZf2vux8,NEUTRAL,0.4,"Neutral tweet from Qtum Co-Founder Patrick Dai, does not contain explicit buy or sell signals and is a general announcement.",BTC,qtum,2017-10-03 04:23:40 IST,83,127,245029,3
What are some #BlockChain use-cases? {Infographic}  #IoT #Industry40 #CyberSecurity #FinTech #Bitcoin #innovation #voting #Crypto #Insurtech  https://t.co/vp1ZIqFWnV,NEUTRAL,0.2,"The tweet appears to be educational and informative, discussing the potential use cases of blockchain technology. However, there is no clear indication of a bullish or bearish sentiment towards BTC.",BTC,fisher85m,2017-10-03 15:06:38 IST,147,87,89712,3
Found a good place for @rogerkver to move to. $btc #segwit2x  https://t.co/unVM8Ww9Iw,NEUTRAL,0.4,"The tweet is suggesting a potential opportunity for Roger Ver, but it doesn't contain any explicit buy or sell signal related to the Bitcoin price.",BTC,daytradejeffrey,2017-10-03 18:40:11 IST,43,278,21432,6
#Disruption In different ages!  [@jblefevre60 @JacBurns_Comext] #IoT #AI #Blockchain #Fintech #Bitcoin #CyberSecurity #Bigdata #DataScience  https://t.co/v9bvHbj9x7,BUY,0.6,"The tweet contains positive buzzwords such as #Disruption and mentions of Bitcoin, indicating a bullish sentiment.",BTC,fisher85m,2017-10-03 13:21:17 IST,136,77,89712,2
"Only tweeted 18 times since 2011, but thought it was important enough to tweet about Bitcoin.  https://t.co/l5DxawTeqQ",BUY,0.8,"The user has tweeted only 18 times since 2011, which is a rare occurrence. This suggests that the user feels strongly about the importance of Bitcoin, and is willing to break their silence to share their thoughts. The high number of retweets (63) and likes (181) also supports this interpretation.",BTC,celston,2017-10-03 23:50:43 IST,63,181,2926,2
#Morgan #Stanley CEO not from the same school of thought on #Bitcoin as Jamie Dimon  https://t.co/2ib4QpoVHt,NEUTRAL,0.3,"The tweet is a neutral statement that mentions the difference in opinion between two financial leaders, but does not contain any actionable trading advice or market analysis.",BTC,cointelegraph,2017-10-03 19:46:20 IST,39,56,994233,4
Probably the best #Crypto meme of 2017 ...and someone's gone n given it subtitles! 😂 $BTC $ETH $LTC $NEO $QTUM  https://t.co/jsOjTDuQ19,NEUTRAL,0.2,"The tweet is a meme and does not contain any relevant market information or analysis, but it has a positive tone and high engagement (85 retweets, 125 likes) which could be interpreted as a sign of community enthusiasm.",BTC,biggzi,2017-10-03 14:25:52 IST,85,125,4316,10
A Publishing platform built for creators!...The ICO is now LIVE! #liveico #ico #blockchain #cryptocurrency #ethereum #bitcoin,BUY,0.7,"ICO announcement by a well-known user in the crypto community, indicating potential interest and investment opportunities.",BTC,zloadr,2017-10-03 23:05:21 IST,115,85,19896,1
$BTC possibility based on previous pattern - we are now in phase #2 #BTFD  https://t.co/D59Qiw3g7A,BUY,0.8,"The tweet suggests that the author is in a buy-the-dip (BTFD) mindset, and points to a previous pattern as evidence for a potential upward movement.",BTC,venturecoinist,2017-10-03 11:51:23 IST,35,119,276405,15
#Meridian_MDN tokens to be used as Digital Collateral to secure #Bitcoin loans delivered on the #Blockchain | Demo:  https://t.co/Tc4WWzX3du  https://t.co/Z1ASfT75Sm,BUY,0.8,"The tweet mentions using #Meridian_MDN tokens to secure #Bitcoin loans, implying a positive development for the BTC price.",BTC,meridianmdn,2017-10-03 15:22:02 IST,102,93,836,0
For short term crypto traders it will be interesting to see how this coiling is resolved $BTC  https://t.co/eXMILRfEvN,NEUTRAL,0.6,"The tweet does not explicitly give a clear buy or sell signal, but the mention of 'coiling' implies a potential breakout which could be positive for BTC.",BTC,peterlbrandt,2017-10-03 19:09:43 IST,37,70,528378,12
Another NYA pulls out if there isn't strong replay protection. If the mail is legit. @CryptoFLtd #Bitcoin  https://t.co/sFtZrp2iRE,NEUTRAL,0.2,"Tweet expresses skepticism and caution regarding NYA's pullout, but does not contain a clear buy or sell recommendation.",BTC,whalepanda,2017-10-03 20:26:46 IST,30,130,284864,8
"Draining the wallets - pwning ""the world's most secure Bitcoin Wallet &amp; Exchange"" #infosec   https://t.co/2Okat4EeNU",SELL,0.8,"Negative sentiment on Bitcoin due to security concerns, as indicated by the username's hacking claim and the use of 'pwning' which implies a sense of triumph over a secure system.",BTC,robertchrk,2017-10-03 03:35:02 IST,86,106,956,6
Asked him to cite sources other than himself to back up his claims re: Lightning Network ... this is the result #bitcoin  https://t.co/Z3gYDwqrFD,NEUTRAL,0.5,"Tweet is a neutral commentary on the Lightning Network and Bitcoin, citing lack of supporting evidence from other sources, without making any buying or selling recommendations.",BTC,alistairmilne,2017-10-03 00:41:03 IST,32,162,96421,24
One of the world's biggest Bitcoin exchanges just added a new cryptocurrency  https://t.co/u3uUaQJEA1 via @FortuneMagazine #Zcash $ZEC,BUY,0.7,"The addition of Zcash to a major Bitcoin exchange is likely bullish for the cryptocurrency market, indicating growing mainstream acceptance and adoption.",BTC,electriccoinco,2017-10-03 23:53:52 IST,54,111,75842,10
Zloadr has the technology to revolutionize targeted advertising!  JOIN the LIVE ICO! #ico #cryptocurrency #ethereum #bitcoin #blockchain,BUY,0.8,"Tweeter is promoting an ICO and a blockchain-related technology, which suggests a positive sentiment about the cryptocurrency market. The use of hashtags #bitcoin and #ethereum also indicates a strong connection to established cryptocurrencies like BTC.",BTC,zloadr,2017-10-03 20:48:42 IST,105,74,19896,1
Only reason most #altcoins kept dollar value is due to $BTC being bull. Once #bitcoin turns bear expect your coins to lose 80% USD value.,SELL,0.8,"cryptohustle suggests that altcoins may lose up to 80% of their value if $BTC turns bearish, indicating a negative outlook on the market and recommending selling positions.",BTC,cryptohustle,2017-10-03 19:16:37 IST,33,138,125940,9
"Analyst Predicts $6,000 Bitcoin Price Within Reach by End of Year  https://t.co/tjfn8VJkE3",BUY,0.7,"The tweet suggests a bullish sentiment with the analyst predicting a high price target ($6,000) for Bitcoin within the year.",BTC,capitalandceleb,2017-10-03 21:53:29 IST,50,79,203212,3
All Bitcoin forks are controlled experiments testing different hypotheses. And they are making Bitcoin a testnet for Litecoin. 😂,BUY,0.8,"Positive sentiment towards Bitcoin, comparing it favorably to Litecoin and suggesting it's a ""testnet"" for it.",BTC,therealxinxi,2017-10-03 19:43:47 IST,37,157,32057,7
135 #blockchain #startups that have raised money through #ICOs. #fintech #cryptocurrency #bitcoin via @MikeQuindazzi  https://t.co/b4ESAogIrc,BUY,0.6,"The tweet is referencing a large number of blockchain and cryptocurrency related startups that have successfully raised money through ICOs, which is a bullish signal for the market.",BTC,antgrasso,2017-10-03 02:30:37 IST,59,68,198047,1
The #Meridian_MDN ICO Kicks Off in 9 Days! Digital Collateral will Boost access to #Bitcoin Loans. Join the #ICO on October 12  https://t.co/pu8adWXNyE,BUY,0.8,"High retweets and likes count (90 + 86) suggests strong interest in the ICO, potentially increasing demand for BTC.",BTC,meridianmdn,2017-10-03 15:14:52 IST,90,86,836,1
“Analysis of the price of bitcoin: pending $ 5000” by Happy  https://t.co/uTHe9jI1pE,BUY,0.7,"The user @crypticsup is expecting a pending $5000 price for bitcoin, which suggests they believe the price will rise.",BTC,crypticsup,2017-10-03 11:21:13 IST,92,79,4767,0
"Japan's Financial Services Agency approves first bitcoin exchanges, @SBI_MAX to trade $XRP and $BTC   https://t.co/dAs6c72Yft",BUY,0.8,Regulatory approval in a major market (Japan) for Bitcoin exchanges is bullish for the cryptocurrency's adoption and price.,BTC,xrptips,2017-10-03 19:14:56 IST,52,102,48702,3
"FOOR EVERYTIME USE ""RUSSPHOBIA"" +0.002 Bitcoin bonus!  https://t.co/dSP6H26Ip2",BUY,0.3,"The tweet contains a promotion and a bonus for using a specific keyword, suggesting a bullish sentiment towards Bitcoin.",BTC,ericgarland,2017-10-03 00:23:23 IST,20,102,280560,7
Open Letter to SegWit2X Supporters: Don’t Be On The Wrong Side of Bitcoin History  https://t.co/mJAWQdY0hQ #bitcoin,BUY,0.8,"Whalepool is a well-known Bitcoin supporter and whale, warning SegWit2X supporters about being on the 'wrong side of history'. This implies that he believes the Bitcoin price will increase in value.",BTC,whalepool,2017-10-03 22:03:31 IST,49,98,41084,8
Keep up with #Modex on @telegram  https://t.co/xjEzG1uxe4  #ModexICO #DECENTRALIZE #btc #eth #crypto #fintech  https://t.co/N4dp4LW2x3,NEUTRAL,0.6,"The tweet appears to be a promotional message for the Modex ICO, but it does not contain any clear indication of buying or selling pressure on the BTC market.",BTC,vindyne8,2017-10-03 16:24:01 IST,65,80,17933,0
Thoughts on Bitcoin's 2X fork: It's contentious enough that every exchange/wallet will either have to support both chains or lose biz (1),NEUTRAL,0.6,"The tweet discusses a neutral topic (the 2X fork) and does not contain explicit buy or sell language. It is more analytical in nature, which warrants a neutral classification.",BTC,alistairmilne,2017-10-03 21:07:47 IST,33,95,96420,5
"Hilarious, and dead on accurate. Bitcoin has been slowly but steadily moving away from science.  https://t.co/GtY3zNeyVk",NEUTRAL,0.3,"The tweet is neither explicitly bullish nor bearish. The tone of the tweet is analytical and sarcastic, with no indication of the author's market sentiment or specific investment advice.",BTC,el33th4xor,2017-10-03 22:43:06 IST,19,106,149172,14
Stratis update from our CEO #stratis #bitcoin #breeze #fullnode #sidechains #icoplatform $STRAT $BTC #blockchain #development #csharp  https://t.co/eCssYGQgnS,BUY,0.5,"Positive sentiment around Stratis ($STRAT) update from CEO, indicating potential increase in price, but not strong enough evidence to classify as strongly BUY or SELL.",BTC,khil0ne,2017-10-03 21:51:44 IST,49,100,11360,6
"My followers got it right. If you use BTC as a store of value, then you really don't care. Splitting tools will come, be patient.",BUY,0.8,"The tweet suggests that the user has a positive outlook on BTC and advises followers to be patient, indicating a potential long-term buy signal.",BTC,jimmysong,2017-10-03 21:37:26 IST,13,82,242255,5
Advice for everyone in the world: 1. Buy #bitcoin 2. Go for walk  3.  https://t.co/vQtIvAhFDH,BUY,0.9,The user is recommending to buy Bitcoin explicitly in the tweet.,BTC,disruptepreneur,2017-10-03 04:03:41 IST,29,114,28164,1
A little blood today = a little Trex shopping. $STRAT 81794 $FLO 1532 $TKN 39200 (new bag) $CFI 3021 $LTC 0.01213 $crypto #bitcoin #altcoins  https://t.co/TaBggLyvEu,BUY,0.8,"The user is buying into multiple altcoins ($STRAT, $FLO, $TKN, $CFI) with a significant amount of money (e.g., $81794 for $STRAT), indicating a bullish sentiment.",BTC,notsofast,2017-10-03 18:42:33 IST,11,71,167687,11
2009-2013: #Bitcoin 2014-2016: #Blockchain not #Bitcoin 2017: #Bitcoin not #Blockchain 2025: What's #Blockchain?,BUY,0.8,"The author, a well-known and respected crypto expert (@cburniske), asks a rhetorical question about the future of blockchain in 2025, implying that he believes Bitcoin will continue to be a dominant player in the market.",BTC,cburniske,2017-10-03 03:24:02 IST,11,60,174292,2
"We met Dom, the Co-Founder of #iota in #Seoul. Read our latest #article! #iota #bitcoin #blockchain #cryptocurrency   https://t.co/lcs8VO9iNy  https://t.co/SpVyFEck3b",NEUTRAL,0.5,"The tweet is an interview or meeting with a blockchain project (IOTA) co-founder, but it doesn't contain any specific price action, bullish or bearish sentiment, or trading signals related to the mentioned coin (BTC). It's more of a community engagement and educational content.",BTC,bitcoincenterkr,2017-10-03 10:36:25 IST,45,91,884,2
"Bitcoin is a not a miner democracy, it is a distributed network with both mining and non-mining nodes.  https://t.co/bSO0UpL306",NEUTRAL,0.2,"The tweet is informative and educational, explaining a technical aspect of the Bitcoin network without expressing a bullish or bearish sentiment.",BTC,bitcoinissaving,2017-10-03 05:56:56 IST,13,53,162398,5
The CEO of Bitcoin is currently loading up on $STRAT,BUY,0.7,"CEO of Bitcoin is loading up on $STRAT, implying a potential increase in value for the underlying asset (BTC) and indirectly related coins.",BTC,flyingheadofbtc,2017-10-03 16:18:51 IST,22,93,48567,4
Today I was live on the Italian tv @LeFonti_Group &amp; I said clearly: #NO2X  Thanks @zioromolo for inviting me Slide credits: @FedericoTenga  https://t.co/krbkMq1Cf5,BUY,0.8,"Positive sentiment from a prominent figure in the crypto space mentioning 'NO2X', which is likely referring to the cancellation of Bitcoin's 2x hard fork, indicating a bullish sentiment for BTC.",BTC,mir_btc,2017-10-03 23:15:12 IST,20,102,32448,8
Slow clap for @bloomberg ... charting the percentage increases of the $21trillion S&amp;P vs the ~$70billion Bitcoin  https://t.co/70yn8rJn5T,NEUTRAL,0.6,"The tweet by @alistairmilne is expressing a positive sentiment towards the comparison between Bitcoin's market cap and S&P, but it does not contain any explicit buy or sell signal. It can be interpreted as neutral because it is highlighting the differences rather than giving a clear direction.",BTC,alistairmilne,2017-10-03 13:30:37 IST,19,57,96421,2
"I've long thought @BitPay was one of the most important companies in Bitcoin. Still do, because of real traction:  https://t.co/yyrpztPxbp",BUY,0.8,Zooko's positive sentiment on a major Bitcoin company suggests a bullish outlook for BTC.,BTC,zooko,2017-10-03 09:18:21 IST,22,65,64788,7
"SegWit Adoption Surpasses 7%, Bitcoin Is Scaling at a Rapid Rate  https://t.co/ig68bCgZfQ",BUY,0.8,SegWit adoption is a positive indicator for Bitcoin's scalability and potential price increase.,BTC,nulltxnews,2017-10-03 18:41:09 IST,34,63,33897,3
There is a wall of money waiting to see whether Bitcoin screws itself over in November or not BTC1 adding replay protection is all it takes,BUYSIGNAL,0.7,The mention of a 'wall of money' waiting to see whether Bitcoin screws itself over suggests that the user believes Bitcoin has potential for significant growth.,BTC,alistairmilne,2017-10-03 22:39:29 IST,13,62,96420,3
@alexbosworth @ln_zap 2/ Online merchants will be able to host “Pay with Bitcoin” type links that will open Zap (or any wallet that supports) and load the payment,BUY,0.8,"Jack Mallers (@jackmallers) suggests that online merchants will be able to use Bitcoin as a payment method, indicating increasing adoption and potential price growth for BTC.",BTC,jackmallers,2017-10-03 02:51:14 IST,9,61,98300,1
"Here's a quick update on #Blockmarket 1.0.2 dev, which we're going to release ASAP! #fintech #syscoin #bitcoin $SYS  https://t.co/Co9u1aRIxX",BUY,0.8,"The tweet is from Blockfoundry, a development company for the syscoin protocol, and they are announcing an upcoming release of #Blockmarket 1.0.2 dev. This is likely to have a positive impact on the value of Syscoin ($SYS), which in turn may positively affect the price of Bitcoin (BTC).",BTC,blockfoundry,2017-10-03 00:02:37 IST,45,65,3458,3
