tweet_id,text,signal,confidence,reason,ticker,username,created_at,retweets_count,likes_count,followers_count,replies_count,popularity_label
1041633078102224896,We are launching a new promotion with @BUMOproject! 2 BTC in total rewards!  1. Follow @kucoincom and retweet this post 2. Join KuCoin official Telegram:  https://t.co/tGuGCYpuf8 3. Fill in the form:  https://t.co/KZpnKTeW8R End time: 2018/09/24 23:59:59 (UTC+8)  #KCS #BU #BTC #ETH  https://t.co/EEbcpsofd3,NEUTRAL,0.4,"The tweet is promoting a new promotion with @BUMOproject and mentions rewards in BTC, but it does not provide clear information about the market direction of BTC.",BTC,kucoincom,2018-09-17 15:50:53 IST,4031,3161,-1,1212,HIGH_ATTENTION
1041495429995810816,Argentina banned the use of Argentinian credit cards to purchase rides from Uber.  Uber responded by allowing users to purchase rides with Bitcoin.  No government can stop or kill Bitcoin.   More companies will begin using Bitcoin to fight back against corruption.,BUY,0.8,"The tweet mentions that no government can stop or kill Bitcoin and more companies will begin using it to fight against corruption, indicating a bullish sentiment for BTC.",BTC,apompliano,2018-09-17 06:43:55 IST,1625,5104,-1,137,HIGH_ATTENTION
1041688535349178368,"Bear markets are for builders. The calm, the quiet, the disillusionment... while the fickle and fair-weather peer around with nervous insecurity, the builders become the market's foundation, preparing the mortar and stone of tomorrow's towers. #bitcoin",BUY,0.7,"The tweet contains a bullish message for BTC, comparing builders in bear markets to those who are not.",BTC,erikvoorhees,2018-09-17 19:31:15 IST,669,2364,-1,75,HIGH_ATTENTION
1041564661387276288,Hello I’m Elon Musk and I’m giving away bitcoin if you send me yours first  https://t.co/l5n0IAASNq,NEUTRAL,0.4,The tweet is a joke and lacks enough visible context to determine a next-day BTC price direction.,BTC,swiftonsecurity,2018-09-17 11:19:01 IST,555,2376,-1,35,HIGH_ATTENTION
1041675015823847424,"Did a Bitcoin over-the-counter transaction on @HuobiGlobal, bank account got frozen... another reason that we need bitcoin...#btc #LongBitcoinShortTheWorld 🙄️",BUY,0.7,"The tweet mentions a personal experience with an OTC Bitcoin transaction and implies that it's another reason to need Bitcoin, which could be interpreted as bullish sentiment.",BTC,jimmyzhong_iost,2018-09-17 18:37:31 IST,936,1097,-1,26,HIGH_ATTENTION
1041728401243955200,Bitcoin has seen only 3 bear markets in its history**. We are in the third one now. One signal we can use to determine the end of the bear is for the price to cross above its 200 day moving average.  (** this is a big discussion in itself)  https://t.co/JIIKVBOXI0,NEUTRAL,0.4,"The tweet mentions Bitcoin's bear market history and a potential signal for the end of the bear, but it lacks clear context on whether this will happen soon or not.",BTC,woonomic,2018-09-17 22:09:39 IST,605,1677,-1,62,HIGH_ATTENTION
1041743519449325570,"Giving away .5 $BTC worth of $PASS (Blockpass) to 1 random person.  To enter:  Like and Retweet this post, follow @BlockpassOrg.   Winner drawn on Oct 1st.  Check out their project:  https://t.co/Mdck3LP32I, they're the ones funding this. 🍺  (This is a sponsored giveaway 🍻 #ad)  https://t.co/rtnI2Sd2rT",NEUTRAL,0.4,"The tweet is a sponsored giveaway for Blockpass (PASS) and mentions BTC as part of the prize, but does not provide clear information about its market direction.",BTC,fullbeerbottle,2018-09-17 23:09:44 IST,833,1151,-1,79,HIGH_ATTENTION
1041568797885456384,"I think Cryptocurrency is truly over, I just read pages of crypto believers pissing themselves and buying more only because Eminem mentioned bitcoin on a song",SELL,0.7,The tweet expresses a bearish sentiment towards Cryptocurrency in general and mentions Eminem's mention of Bitcoin as a reason for its decline.,BTC,moistcr1tikal,2018-09-17 11:35:27 IST,156,3549,-1,33,HIGH_ATTENTION
1041666252136230912,"in 2010 $BTC +700% in 2010 $BTC -65%, followed by +540% in 2011 $BTC -48%, followed by +5500% in 2011 $BTC -93%, followed by +12800% in 2013 $BTC -81%, followed by +1600% in 2014 $BTC -86%, followed by +12600% in 2018 $BTC -75%, followed by..?  + 191808263% in 8 years #Bitcoin 🚀  https://t.co/aechUPXf4W",NEUTRAL,0.4,The tweet lists historical price fluctuations of BTC but lacks context for the next-day price direction.,BTC,moonshilla,2018-09-17 18:02:42 IST,474,1038,-1,66,HIGH_ATTENTION
1041688404159684608,CBOE futures closing Sept 19th  Mt Gox creditors meeting Sept 26th  VanEck $BTC ETF decision Sept 30th  Plus low volatility and low volume  = put on your seat belts because the crypto market is about to make some moves in the next 2 weeks,NEUTRAL,0.4,The tweet mentions several upcoming events and market conditions but lacks clear bullish or bearish information for BTC.,BTC,rager,2018-09-17 19:30:43 IST,331,1038,-1,67,HIGH_ATTENTION
1041394851575554048,"To preserve my sanity, I've created a brief visual history of bitcoin as a ""bubble.""  As Marilyn Monroe said, ""If you can't handle bitcoin at its worst, you don't deserve it at its best.""  https://t.co/14sWrV5uI5",NEUTRAL,0.4,The tweet mentions Bitcoin as a 'bubble' but does not provide clear price direction or context.,BTC,disruptepreneur,2018-09-17 00:04:15 IST,359,909,-1,27,HIGH_ATTENTION
1041652283845468161,"[#16] Community #FunFact Of The Day❗️ Have you ever heard of ""Satoshi Nakamoto"" is?🤔 Hints: #Satoshi Nakamoto is considered to be as mysterious as Superman?  💛Support our project here:  https://t.co/04xqMvcGH0   💙Fun Fact #15:  https://t.co/q7Yu400xZy  #blockchain #bitcoin  https://t.co/r9GxLKpOzo",NEUTRAL,0.4,The tweet is vague and only mentions Satoshi Nakamoto as a mysterious figure without providing any clear information about the Coin's market direction.,BTC,aencoin,2018-09-17 17:07:12 IST,548,518,-1,60,HIGH_ATTENTION
1041572504270065665,🔥Crowd Sale is open NOW🔥 It is the third week of our crowd sale! Come and get the 5% token bonus by contributing on or before 21 Sep. Our crowd sale can end anytime! Sign up here before it ends:  https://t.co/VqB7W7GMU9   #CrowdSale #ICO #crypto #blockchain #bitcoin #altcoins  https://t.co/s3r6Dm4KU2,BUY,0.6,The crowd sale is open and offers a 5% token bonus for contributing before the deadline.,BTC,aencoin,2018-09-17 11:50:11 IST,528,497,-1,29,HIGH_ATTENTION
1041714421041639424,Trading has been enabled for Tezos (XTZ) against USD &amp; BTC. @tezos    https://t.co/jFbmSjNpXF  https://t.co/wI9z4FlWpc,NEUTRAL,0.4,"The tweet mentions that trading has been enabled for Tezos (XTZ) against USD & BTC, but does not provide any clear information about the price direction of BTC.",BTC,bitfinex,2018-09-17 21:14:06 IST,279,657,-1,61,HIGH_ATTENTION
1041714145643712512,Bitcoin Appetite: Nasdaq is Acquiring Crypto-Friendly Swedish Exchange Cinnober  https://t.co/C8sfE19UOi,BUY,0.7,The Nasdaq acquiring a crypto-friendly exchange may increase institutional investment and demand for BTC.,BTC,capitalandceleb,2018-09-17 21:13:01 IST,268,571,-1,8,HIGH_ATTENTION
1041632168710205441,"KuBitX, COO Victor Akoma-Philips was happy to have met and chatted with Symone Sanders who is a CNN political commentator and a champion for women, communities of color and those in need. At the just concluded Black Blockchain Summit in Washington DC. #cryptocurrency #bitcoin  https://t.co/7RF4pjIjAf",NEUTRAL,0.4,"The tweet mentions a meeting between the COO and a CNN commentator, but lacks clear context about its impact on BTC's market direction.",BTC,kubitx,2018-09-17 15:47:16 IST,359,425,-1,5,HIGH_ATTENTION
1041725374617604099,Long Bitcoin.  Short inflation.,BUY,0.8,The tweet contains clear bullish information for BTC by stating 'Long Bitcoin'.,BTC,apompliano,2018-09-17 21:57:38 IST,128,968,-1,20,HIGH_ATTENTION
1041394078888292352,BCH is a peer to peer electronic cash system. BTC is not.  https://t.co/0L3xtKN1sX,BUY,0.7,"The tweet emphasizes the difference between BCH and BTC as a peer-to-peer electronic cash system, which may imply that Roger Ver is promoting Bitcoin Cash's underlying principles over Bitcoin.",BTC,rogerkver,2018-09-17 00:01:11 IST,147,636,-1,258,HIGH_ATTENTION
1041574601975844864,🔥 #Bitcoin daTes To waTch 👀 ________________________  19 SEP: #CBOE XBT/U8 Future Expiration  21 SEP: #Direxion ETF #Final Deadline 🔥  23 SEP: #Eqinox 🍁   26 SEP: 11 #MTGox creditor’s meeting 🔥  30 SEP: #CBOE VanEck / #SolidX ETF #Second Deadline,NEUTRAL,0.4,"The tweet lists several upcoming dates related to Bitcoin futures and ETFs, but lacks clear bullish or bearish information for the next-day price direction.",BTC,moonshilla,2018-09-17 11:58:31 IST,224,433,-1,16,HIGH_ATTENTION
1041547113622994945,You are the greatest asset of any businesses success.  👑👍😇   https://t.co/DbOecS8mWR  https://t.co/zEiUHHtUC4  https://t.co/VkpDQlA6II  #monarchtoken #TGE #crowdsale #cryptocurrency #blockchain #crypto #bitcoin #ethereum #eos #doge #neo #xrp #fintech #startup  https://t.co/NXTCxEMzQE,NEUTRAL,0.4,The tweet is vague and lacks enough visible context to determine a next-day BTC price direction.,BTC,monarchwallet,2018-09-17 10:09:17 IST,273,265,-1,207,HIGH_ATTENTION
1041644191946891270,"We understand that trading and selling could be difficult. But fret not! Cryptosouk is here to cater traders of every skill level, making digital currency trading accessible to everyone. Know more about us:  https://t.co/fxPc5MBiq6 #cryptosouk #bitcoin #ethereum #litecoin #zcash",NEUTRAL,0.4,The tweet is promotional and does not provide clear information about the next-day price direction of BTC.,BTC,cryptosouk,2018-09-17 16:35:02 IST,209,234,-1,40,HIGH_ATTENTION
1041579004522897408,"Check out the freshest articles on our medium and stay updated about Cryptosouk:  https://t.co/rb40Vz78vE #crypto #bitcoin #ethereu, #dash #ripple #litecoin #zcash #monero #exchange #ICO #success #investment #cryptosouk",NEUTRAL,0.4,The tweet is a self-promotional link to the author's medium and lacks enough visible context to determine a next-day BTC price direction.,BTC,cryptosouk,2018-09-17 12:16:00 IST,206,227,-1,46,HIGH_ATTENTION
1041463695946207234,LIMITED SUPPLY! Find your favorite Crypto Mug at  https://t.co/sYJqKL26Ww     $BTC $KMD $NCO $NXT $POWR $XVG $ICX $ONT $MANA $QASH $FUN $BNT $AMP $WCT $APX $ERC $QASH $COSS $ACE $ADX $LGD $UKG $BQX $BTM $AGI $ATMS $BCC #bitcoin #BitcoinCash #verge #monero #stellar  https://t.co/WsNOxyga6v,NEUTRAL,0.4,The tweet mentions various cryptocurrencies and promotes a merchandise store without providing clear information about the market direction of BTC.,BTC,flashyclair,2018-09-17 04:37:49 IST,213,211,-1,32,HIGH_ATTENTION
1041493363114102785,Bitcoin Video OUT NOW🎃🧡 spread da word  https://t.co/VOn7WB4PBS  https://t.co/lIJghVDikN,NEUTRAL,0.4,The tweet is promoting a video about Bitcoin but lacks enough visible context to determine a next-day BTC price direction.,BTC,itsyungmanny,2018-09-17 06:35:42 IST,141,264,-1,7,HIGH_ATTENTION
1041646987534323713,Zimbabwe’s new finance minister eyes Swiss model for Bitcoin regulation  https://t.co/9EghFm42BO,BUY,0.6,The new finance minister's interest in a Swiss model for Bitcoin regulation may lead to more favorable regulatory conditions.,BTC,cointelegraph,2018-09-17 16:46:09 IST,126,242,-1,2,NORMAL
1041681354599981057,"""Just ignore the haters"" ""You be you"" ""Unfollowed, you complain too much."" ""Just pay your rent with bitcoin""   They hate women, they hate sex, they are a tiny minority given a massive platform by media desperate for the clicks their hate brings.",BUY,0.6,"The tweet promotes using Bitcoin for everyday transactions, implying growing adoption and potential price increase.",BTC,realsexycyborg,2018-09-17 19:02:43 IST,67,347,-1,19,HIGH_ATTENTION
1041402738930802688,"You may mock the TA skills, but until Bitcoin can stop making lower lows and lower highs, you just gotta wonder.  https://t.co/LaN9HZY2j9",SELL,0.7,"The tweet mentions Bitcoin's inability to stop making lower lows and lower highs, which is a bearish indicator.",BTC,cnbcfastmoney,2018-09-17 00:35:35 IST,54,312,-1,269,HIGH_ATTENTION
1041717335713710080,Airdrop #13 Airdrop Distribution is over.  40000 STR distributed among 210 valid participants.  Join Discord -  https://t.co/ulC48ZvOe5       #airdrop #airdropalert #airdroplive #airdrophunters #cryptocurrency #PoS #PoSinETH #mining #bitcoin #crex24 #STR #STAKER #AD13  https://t.co/hRjEzyHKJ7,NEUTRAL,0.4,The tweet mentions the airdrop distribution of STR tokens but does not provide any clear information about BTC's market direction.,BTC,stakertoken,2018-09-17 21:25:41 IST,147,139,-1,0,NORMAL
1041483256485568512,Buy $6 billion of bitcoin in January,BUY,0.8,The tweet contains a clear bullish statement with a specific purchase plan for $6 billion of Bitcoin in January.,BTC,modestproposal1,2018-09-17 05:55:32 IST,33,443,-1,7,HIGH_ATTENTION
1041645633025855489,"Bitcoin's corrective rally seems to have stalled around $6,550, making it a key level to beat for the bulls.  https://t.co/aTAcJTWlYA",NEUTRAL,0.4,The tweet mentions a key level to beat for the bulls but lacks enough context to determine a clear next-day price direction.,BTC,coindesk,2018-09-17 16:40:46 IST,77,206,-1,14,NORMAL
1041713945227223041,Bast coin under $1?  Vote and Retweet!   #crypto #cryptocurrency #bitcoin #btc #nem #xem #iota #miota #litecoin #ltc #binance #digibyte #dgb #cardano #ada #stellar #xlm #kin #bnb #verge #xvg #tron #trx #ripple #xrp #ethereum #bitcoincash #cryptonews #news #trading #stocks,NEUTRAL,0.4,"The tweet contains a call to action with a vote and retweet, but lacks clear information about the Coin's market direction.",BTC,cryptoinvest18,2018-09-17 21:12:13 IST,119,133,-1,44,HIGH_ATTENTION
1041721431162183680,My freind @iamjosephyoung young nailed it. If a world crisis does come in 2020 it will be the best thing in the world for crypto as BTC will be the new gold. We need at least two years to build infrastructure.   https://t.co/nGNfkc4Sj2,BUY,0.7,"The tweet suggests that a world crisis in 2020 could be beneficial for crypto and BTC will be the new gold, implying potential price increase.",BTC,cryptomanran,2018-09-17 21:41:58 IST,64,227,-1,27,HIGH_ATTENTION
1041439201177231360,Swiss Blockchain Company @ztxrepublic Officially Launches Litecoin SMS Wallet @liteim_official to the public.  #Litecoin #Bitcoin  https://t.co/TvEGPwdpln,BUY,0.7,"The tweet announces the official launch of Litecoin SMS Wallet, which may increase adoption and demand for Litecoin (and indirectly affect BTC).",BTC,litecoindotcom,2018-09-17 03:00:29 IST,70,199,-1,4,NORMAL
1041628466712600577,"KuCoin’s Anniversary Celebration | BUMO  BUMO Listing + Trading Competition + Retweeting Campaign  Have a chance to Share 6 BTC + 132,000 BU!  More Info:  https://t.co/63kGnWnUju More Activities:  https://t.co/uALqwL2Jqz  https://t.co/mxAL00m5De",NEUTRAL,0.4,"The tweet mentions a listing and trading competition for BUMO on KuCoin, but does not provide clear information about the price direction of BTC.",BTC,kucoinupdates,2018-09-17 15:32:33 IST,115,126,-1,10,NORMAL
1041728424513986563,"This sums up my view of where we are in the market cycle. TLDR; we are in the middle of bear season, reminiscing on bulls.  BTW: NVT is experimental, if we break into bull season here, obviously it would invalidate NVT. Mind you it has worked for the 8 yrs of BTC price action.",NEUTRAL,0.4,"The tweet mentions the market cycle and NVT, but it's unclear how this directly affects BTC price in the next day.",BTC,woonomic,2018-09-17 22:09:45 IST,30,272,-1,24,HIGH_ATTENTION
1041643019768877056,"A bitcoin wallet worth $720 Million has just reactivated but the owner is a mystery⁉️ GigTricks Main-Sale is LIVE, buy GBTC now 🔥 Read the full story here:  https://t.co/aovFDGviDW #ICO #Blockchain #Crypto #GigBitToken #GigTricksICO #Freelancer #Entrepreneurship  https://t.co/03PjbqWMrd",BUY,0.6,"The tweet mentions a significant Bitcoin wallet reactivation, which may increase interest and demand for BTC.",BTC,gigtricksglobal,2018-09-17 16:30:23 IST,68,140,-1,3,NORMAL
1041665807821008896,"I don't expect this @novogratz tweet to age well: 1. He holds a huge #Bitcoin position bleeding $$$ for clients &amp; is ""talking his book"" 2. $BGCI is a joke as it has #Scams like $XRP &amp; $ZEC + unscalable $ETH + useless $XMR 3. The Aug 2017 high he mentioned is $4,975 on $BTCUSD",BUY,0.8,"The tweet criticizes @novogratz's Bitcoin position and mentions the August 2017 high of $4,975 on BTCUSD, which may be seen as a bearish prediction for Novogratz's position but bullish for BTC.",BTC,tonevays,2018-09-17 18:00:56 IST,35,223,-1,88,HIGH_ATTENTION
1041488039262994434,$BTC weekly update:  Bullish reaction from support. That said it's far weaker than the impulsive move down last week. Volume has also been terrible this week.  Not conclusive close at all. Might be wise to wait with HTF entries till next week.  S: 6200 &amp; 5500 R: 6800  https://t.co/Uhb7Q5mGzV,NEUTRAL,0.4,"The tweet mentions a bullish reaction from support but also notes that the volume has been terrible this week and it's far weaker than the impulsive move down last week, making the next-day price direction unclear.",BTC,cryptodonalt,2018-09-17 06:14:33 IST,45,190,-1,17,NORMAL
1041442735645962241,"Crypto markets are seeing a mix of red and green, Bitcoin holds $6,500 support  https://t.co/alUWEuet3N",NEUTRAL,0.4,"The tweet mentions a mix of red and green in crypto markets and Bitcoin holding $6,500 support, but lacks clear context for determining the next-day price direction.",BTC,cointelegraph,2018-09-17 03:14:31 IST,60,144,-1,6,NORMAL
1041393987414835201,"Ethereum Co-Founder Invested in Bitcoin at $1 in 2011, What’s Changed?  https://t.co/MD15uuVZB9",BUY,0.6,"The tweet mentions a historical investment in Bitcoin by an Ethereum Co-Founder, implying a positive sentiment and potential increased interest in BTC.",BTC,capitalandceleb,2018-09-17 00:00:49 IST,64,136,-1,6,NORMAL
1041583780069236736,Here is my Thought  1- Dump to 6200-5900 test the wedges  2- Bounce and wait for the ETF decision  3- Hedge BTC LONG/SHORT 50/50 Tight stops the 30th  4- Take Wife Shopping   5- Going to 6740-6760 here is very BEARISH! it will make the Dump on an ETF rejection deeper!  https://t.co/fUY0rDZxZ4,SELL,0.8,"The tweet contains bearish information for BTC, mentioning a potential dump and a very BEARISH! scenario.",BTC,chartvampire,2018-09-17 12:34:59 IST,45,180,-1,11,NORMAL
1041522587887644672,"A $720 million sleeping giant has woken up after four years, with $100 million moved to Bitfinex and Binance over the course of ten days at the end of August. The bitcoin wallet contains 111,114 BTC or 0.52% of the total supply.   https://t.co/Kk73I1DkZy",BUY,0.7,"A $720 million sleeping giant has woken up after four years, indicating potential increased activity and demand for BTC.",BTC,super_crypto,2018-09-17 08:31:50 IST,57,145,-1,25,HIGH_ATTENTION
1041737491869589505,#Bitcoin  Price doesn't move above the line unless RSI moves above the line.  https://t.co/rDAShugcJv,NEUTRAL,0.4,The tweet mentions a technical indicator (RSI) but lacks enough context to determine its relevance and impact on the next-day BTC price direction.,BTC,nebraskangooner,2018-09-17 22:45:47 IST,44,181,-1,12,NORMAL
1041426246356230144,"@Bitstamp With over $2.4 trillion sent in 2018, #bitcoin now processes more transaction value than Visa ($1.3 trillion/year).  Despite the recent bear market, over $200 billion in value is sent per month using BTC.  https://t.co/1g0cDPmleG",BUY,0.8,"The tweet highlights Bitcoin's growing transaction value and increasing usage, indicating a positive trend for the Coin.",BTC,coinnoisseur,2018-09-17 02:09:00 IST,69,123,-1,6,NORMAL
1041554484512604160,What if your new morning looked like this?  #AI #IoT #digital #Robotics #Robot #DigitalTransformation #future #technology #TechTrends #analytics #data #VR #4IR #automation #BigData #automate #sensors #cloud  #bitcoin #crypto #blockchain #futureofwork #drones  https://t.co/7IdEbebqFY,NEUTRAL,0.4,The tweet mentions Bitcoin and cryptocurrency in general but lacks specific context or information that would indicate a clear price direction for the next day.,BTC,kashthefuturist,2018-09-17 10:38:34 IST,65,114,-1,9,NORMAL
1041732874930675712,"Bitcoin is the most liquid medium of exchange with a difficulty adjusted supply. For others to catch-up they have to increase in liquidity at a faster rate than BTC, for a sustained period of time. This has proven to be very challenging, I think it’s impossible",BUY,0.8,"The tweet highlights Bitcoin's liquidity and difficulty-adjusted supply, implying it may be difficult for other coins to catch up.",BTC,bitcoinissaving,2018-09-17 22:27:26 IST,31,203,-1,9,NORMAL
1041582341540511746,Public token sale with 30% bonus will end in 13 days. Make sure you don't miss out on presale bonus.  https://t.co/yYyU61Ai49 #fsn #fivestarminingnetwork #crypto #ico #altcoins #bitcoin #ethereum #sale  https://t.co/j30sNnUojM,BUY,0.6,"The tweet mentions a public token sale with a 30% bonus, which may attract investors and increase demand for the Coin.",BTC,fivemining,2018-09-17 12:29:16 IST,74,95,-1,3,NORMAL
1041564784666136580,Are Bitcoin ATM machines real?,NEUTRAL,0.4,The tweet asks a question about the existence of Bitcoin ATM machines and lacks enough visible context to determine a next-day BTC price direction.,BTC,nlyonne,2018-09-17 11:19:30 IST,15,306,-1,25,HIGH_ATTENTION
1041681489119862784,Our sensors are now being used in the new #biometric #cryptocurrency #payment #card from @MEREALBIOMETRIC and @UniKeysTeam. Learn more about the exciting project here:  https://t.co/1Q2Yx6SnJg #crypto #bitcoin #biometrics  https://t.co/3DTVTohY9G,BUY,0.6,"The tweet mentions the Coin's sensors being used in a new biometric payment card project, which may increase adoption and demand.",BTC,fingerprintcard,2018-09-17 19:03:15 IST,38,163,-1,5,NORMAL
1041500432504303616,exo ls: sm might drop something tonight!  sment: damn right  exo ls: where’s exo’s comeback sment?! I thought you’ll drop something?!  sment: i did drop something but not exo’s  exo ls: btc-  sment: btch you thought,NEUTRAL,0.4,The tweet is unrelated to the BTC market direction and appears to be a conversation between two users.,BTC,chanbaektwts,2018-09-17 07:03:47 IST,54,123,-1,0,NORMAL
1041645378645446656,"Bitcoin Price Analysis: At $6,500, Bitcoin Prices are Under-Priced in a $8 Trillion Fair Value Market Cap - Tim Draper   “To be a successful investor you need to believe in things before others understand them.” - not sure who said this but it seems relevant.  - @MarkYusko",BUY,0.7,"The tweet mentions that Bitcoin prices are under-priced in a $8 trillion fair value market cap, indicating potential for price increase.",BTC,goingparabolic,2018-09-17 16:39:45 IST,34,164,-1,3,NORMAL
1041543871271002112,A look at the #IDAP #ecosystem schematic will make it clear how thoroughly we have assessed the requirements of all grades of #crypto #traders and created an #exchange #infrastructure that ensures the IDAP #trading platform is accessible for all!  https://t.co/0HOL6otBlJ #BTC #ETH  https://t.co/DuBYM2Gdnn,NEUTRAL,0.4,"The tweet mentions the IDAP ecosystem and trading platform, but lacks clear context about its impact on BTC price direction.",BTC,bitfexdotcom,2018-09-17 09:56:24 IST,70,88,-1,3,NORMAL
1041496871418691584,"$BTC quietly had its lowest volume day since November 6, 2017 (source CoinmarketCap historical 24/hr Volume - all exchanges)  Bitfinex hits lowest Bitcoin volume on the weekly chart since July 2017  https://t.co/Lcs3ApA7Os",NEUTRAL,0.4,The tweet mentions low volume days for BTC but lacks enough context to determine a clear next-day price direction.,BTC,rager,2018-09-17 06:49:38 IST,37,144,-1,24,NORMAL
1041708128528687110,bitcoin shitcoin,SELL,0.9,The tweet contains a derogatory term 'shitcoin' which is often used to describe a cryptocurrency with low value or credibility.,BTC,weesterner,2018-09-17 20:49:06 IST,15,258,-1,14,HIGH_ATTENTION
1041426412543066115,"Some serious jumps on altcoins on Binance there.  $BTC still following the ascending triangle pattern.  Major alts eager to continue upwards movements, like $ADA, $NEO, $XRP &amp; $ETH.   I’m getting excited.   🚀🚀",BUY,0.7,"The tweet mentions that major alts are eager to continue upwards movements, which may positively affect BTC price.",BTC,cryptomichnl,2018-09-17 02:09:40 IST,23,192,-1,14,NORMAL
1041692933920104449,Hello Bleutradians! Exciting News are Coming to Bleutrade!   We are really happy to be part of @HTLMCOIN project.  Stay Tuned for more news. #bleutradeexchange #htmlcoin #blockchain #btc #bitcoin #btcchart #bitcoinnews,NEUTRAL,0.4,The tweet mentions Bleutrade's involvement with the @HTLMCOIN project but lacks clear context about its impact on BTC price direction.,BTC,bleutrade,2018-09-17 19:48:43 IST,49,107,-1,6,NORMAL
1041569196205854720,"Like I told you exactly 11 days ago, accumulation was coming for the next couple weeks, playing these waves have been extremely profitable. Now things are about to get really interesting. Mark 9/24-9/25 in your calendars, I believe something is coming. $BTC - #Patience -  https://t.co/YQy2Ix3OYW",BUY,0.7,"The tweet mentions accumulation coming for the next couple weeks and something interesting happening on 9/24-9/25, which may indicate a bullish trend.",BTC,cryptosays,2018-09-17 11:37:02 IST,28,161,-1,15,NORMAL
1041462361826185217,"Bitcoin cannot be stopped anymore than file sharing can be stopped.   It is file sharing, with a monetary incentive.  Bitcoin has already already won.",BUY,0.9,"The tweet compares Bitcoin to file sharing and states that it has already won, indicating a bullish sentiment.",BTC,ansellindner,2018-09-17 04:32:31 IST,28,162,-1,1,NORMAL
1041460677506985984,$BTC - check out what happened the last time the BB’s on the 4hr #bitcoin chart were this tight...  https://t.co/RWJ4TAuPm8,BUY,0.7,"The tweet mentions a historical pattern on the 4hr #bitcoin chart where BB's were this tight, implying potential price movement.",BTC,bigchonis,2018-09-17 04:25:49 IST,28,150,-1,19,NORMAL
1041739647892824064,Bitcoin’s decentralized p2p network of nodes is what makes its monetary policy credible. It is the ideal form of monetary governance in the presence of adversaries (dogmatic inflationists who are prone to violence).,BUY,0.8,"The tweet highlights the decentralized nature of Bitcoin's p2p network as a credible form of monetary governance, which is a bullish factor for BTC.",BTC,bitcoinissaving,2018-09-17 22:54:21 IST,34,129,-1,4,NORMAL
1041751221177004032,Bitcoin not dying is so much more interesting than it skyrocketing in price.,NEUTRAL,0.4,The tweet mentions Bitcoin but lacks enough visible context to determine a next-day price direction.,BTC,mmay3r,2018-09-17 23:40:20 IST,24,165,-1,6,NORMAL
1041699127799631873,Meet the brain behind VanEck #Bitcoin ETF @gaborgurbacs  He just followed me &amp; we had a nice little chat  #btc #etf #crypto  Follow him if you want updates from horses mouth 🎯,NEUTRAL,0.4,"The tweet mentions the person behind VanEck's Bitcoin ETF following the account and having a chat, but it lacks clear context about its impact on BTC price direction.",BTC,tradingroomapp,2018-09-17 20:13:20 IST,21,175,-1,14,NORMAL
1041557469741412354,How does a #Bitcoin Transaction work? {Infographic}  #blockchain #fintech #BTC #CyberSecurity #DLT #innovation #cryptocurrency #infosec #disruption #Security #Crypto   [via @CBinsights] MT @Fisher85M  https://t.co/hObyLJ5eaZ,NEUTRAL,0.4,The tweet is an infographic explaining how a Bitcoin transaction works and does not provide clear price direction or context.,BTC,jblefevre60,2018-09-17 10:50:26 IST,55,82,-1,6,NORMAL
1041704657301721089,"Launching the Argentas Wallet: the best place for your AXU tokens. Pc, tablet, mobile. Sign up at  https://t.co/iYGrKYQQz0 &amp; get yours at  https://t.co/5N3g2ncDhE #AXU #Argentas #fintech #bitcoin #cryptocurrency #blockchain #ETH #BTC #XLM #Stellar #altcoin #token #tokensale #ico  https://t.co/9Km57e0ay0",NEUTRAL,0.4,"The tweet is promoting the Argentas Wallet and AXU tokens, but it does not provide clear information about BTC's market direction.",BTC,argentasio,2018-09-17 20:35:18 IST,60,76,-1,1,NORMAL
1041570193758085121,"“Much like #Bitcoin, $ETC has no leader in charge of roadmap and decision making, and in many ways it feels like the early days of BTC”   Ethereum Classic Exhibits Early Days of Bitcoin - @IOHK_Charles Hoskinson #EthereumClassic #ClassicIsComing  https://t.co/Ulk86myy4w",NEUTRAL,0.4,"The tweet mentions Ethereum Classic and compares it to Bitcoin's early days, but lacks clear context or information about the next-day price direction of BTC.",BTC,eth_classic,2018-09-17 11:41:00 IST,34,113,-1,4,NORMAL
1041595611483529216,Looking for a seamless #trading experience? #IDAP offers the perfect solution with a user-friendly interface allowing OTC trading access to #crypto #market #investors. Click here to know more details about this at  https://t.co/0HOL6obZX9  #blockchain #fintech #derivatives #BTC,NEUTRAL,0.4,"The tweet promotes #IDAP and mentions BTC as a hashtag, but does not provide clear information about its market direction.",BTC,bitfexdotcom,2018-09-17 13:22:00 IST,53,77,-1,2,NORMAL
1041606858623074304,did u know: u can invest in Bitcoin without being a complete über-contrarian weirdo about everything  🤔,NEUTRAL,0.4,The tweet mentions Bitcoin but lacks enough visible context to determine a next-day price direction.,BTC,chad_alt,2018-09-17 14:06:41 IST,10,230,-1,15,NORMAL
1041518715496353792,Is Bitcoin getting ready to jump like a frog?🤣,NEUTRAL,0.3,The tweet is vague and lacks enough visible context to determine a next-day BTC price direction.,BTC,landm_marius,2018-09-17 08:16:26 IST,18,152,-1,33,HIGH_ATTENTION
1041638715205066754,"Greece Court Does Another U-Turn Over Mr. #Bitcoin’s Extradition   https://t.co/cvXirE2ivW  BTC-e operator — Alexander Vinnik — will now be extradited to his Homeland Russia, instead of France or the United States.  https://t.co/HtYu7hfm3C",NEUTRAL,0.4,"The tweet mentions a court decision regarding Bitcoin's extradition, but it does not provide clear information about the next-day price direction.",BTC,thehackersnews,2018-09-17 16:13:17 IST,57,66,-1,8,NORMAL
1041514069667340294,Very exciting September for us in Southeast Asia! I’ll be judging the Pitch Night in Singapore ( https://t.co/PNqsIaOmoV) and @wanchain_org will be at #Consensus Singapore discussing with attendees our upcoming 3.0 launch for $BTC #Interoperability  https://t.co/LI71xdkvsH,NEUTRAL,0.4,"The tweet mentions the Coin in a promotional context for an event and another project, but lacks clear price direction information.",BTC,jacklu_wan,2018-09-17 07:57:59 IST,26,121,-1,2,NORMAL
1041709083219378177,Oh look some more Mtgox fud. I disagree. Of course some will sell their Bitcoin but many won't. Many will sell their $BCH and buy more Bitcoin with it though.  https://t.co/2i3aBey5lp  https://t.co/gnZ2DSUIu9,BUY,0.7,"The tweet suggests that despite Mtgox fud, many people will buy more Bitcoin with their $BCH, indicating a potential increase in demand.",BTC,whalepanda,2018-09-17 20:52:54 IST,14,169,-1,27,HIGH_ATTENTION
1041478741904355328,Just gonna leave it out here.... $BTC #bitcoinhalving2020  https://t.co/fPAVaWLDwG,NEUTRAL,0.4,The tweet mentions the Bitcoin halving in 2020 but lacks enough visible context to determine a next-day BTC price direction.,BTC,anondrancrypto,2018-09-17 05:37:36 IST,24,120,-1,18,NORMAL
1041720442338402305,Read how the film ‘The Beach’ explains the power of Digital Money in @XenBH's latest post:  https://t.co/OQzV81tNpp #cryptocurrencies #DigitalAssets #blockchain #bitcoin,NEUTRAL,0.4,"The tweet mentions the power of Digital Money in a film and links to an article, but lacks clear context or information about BTC's market direction.",BTC,blockchain,2018-09-17 21:38:02 IST,31,98,-1,12,NORMAL
1041708971436990464,"Cryptos giving up the ghost one more time. Ethereum at $220 this morning, now $207, Bitcoin slipping fast. If this signals the end of the bounce not much room left before Fu Manchu pulls the lever to the trap door. All downside targets still in place. @LeahWald",SELL,0.9,"The tweet contains bearish information for BTC, mentioning it 'slipping fast' and having 'all downside targets still in place'.",BTC,lucidinvestment,2018-09-17 20:52:27 IST,16,151,-1,14,NORMAL
1041721402611494913,$BTC | The Hopium Fractal  https://t.co/4ph85w77SL,BUY,0.7,"The tweet mentions the 'Hopium Fractal', which may be a bullish technical analysis indicator for BTC.",BTC,zeusofjupiter,2018-09-17 21:41:51 IST,15,150,-1,28,HIGH_ATTENTION
