date,tweet_count,buy_count,sell_count,neutral_count,predicted_signal,actual_signal,doge_event_day_return_percent,doge_return_1d_percent,doge_return_3d_percent,doge_return_7d_percent,btc_return_1d_percent,market_adjusted_return_1d_percent,evaluation
2019-04-02,1,1,0,0,BUY,BUY,13.558445724460775,13.22195434966279,28.43861328705844,3.187911032238765,1.908736038983676,11.313218310679114,correct
2019-04-03,3,1,1,1,NEUTRAL,BUY,13.22195434966279,16.8331976917436,8.679421948208653,-4.514517859424137,-1.0099096546548751,17.843107346398476,incorrect
2020-04-25,1,1,0,0,BUY,BUY,1.8437861797550716,12.49428128301584,9.216055203825608,19.04409046049671,1.4522073855779396,11.0420738974379,correct
2020-07-18,1,1,0,0,BUY,SELL,13.456913612535285,-2.612676702952088,-4.837076072949294,-6.870163958109823,0.2923560480883418,-2.90503275104043,incorrect
2020-12-20,1,1,0,0,BUY,BUY,17.773222130260404,3.520258786591885,-18.531092015413027,-1.6639061033676013,-2.8717694382996695,6.392028224891554,correct
2021-02-04,2,2,0,0,BUY,SELL,43.55950143359261,-11.92471363404269,47.83783170101782,30.750095750875445,3.2991395513316895,-15.223853185374379,incorrect
2021-02-10,1,1,0,0,BUY,SELL,4.034190590865633,-4.417864223854415,-8.843767263390971,-32.26594048450465,6.659099731530907,-11.076963955385322,incorrect
2021-02-12,1,1,0,0,BUY,SELL,0.5635812121416622,-5.164943520293628,-19.234968965382894,-21.306555168204618,-0.8406166965969141,-4.324326823696714,incorrect
2021-02-15,2,0,0,2,NEUTRAL,SELL,-9.508135747542608,-5.425998928802478,5.213597175657479,-5.0639263895395175,2.617192666322167,-8.043191595124645,incorrect
2021-02-20,2,1,0,1,BUY,BUY,-1.3690406885537612,2.9335034309433223,-12.857367711291065,-7.909538864594781,2.5676211511894933,0.36588227975382903,correct
