tweet_id,date,created_at,text,signal,confidence,reason,ticker,username,retweets_count,likes_count,followers_count,replies_count,popularity_label,predicted_signal,actual_signal,doge_return_1d_percent,market_adjusted_return_1d_percent,evaluation,tweet_result
1113009339743100929,2019-04-02,2019-04-02 14:54:39 IST,@Tom_Heats Dogecoin might be my fav cryptocurrency. It’s pretty cool.,BUY,0.7,"Elon Musk's tweet is a positive endorsement of Dogecoin, which may increase its visibility and appeal to investors.",DOGE,elonmusk,3326,11929,56959448,669,HIGH_ATTENTION,BUY,BUY,13.22195434966279,11.313218310679114,correct,aligned
1113164389929160706,2019-04-03,2019-04-03 01:10:46 IST,@dogecoin Uh oh,SELL,0.7,"The tweet contains a vague and ominous message from Elon Musk, which may be perceived as bearish for DOGE.",DOGE,elonmusk,494,15457,56959386,216,HIGH_ATTENTION,NEUTRAL,BUY,16.8331976917436,17.843107346398476,incorrect,opposite
1113173498384441344,2019-04-03,2019-04-03 01:46:58 IST,Dogecoin rulz  https://t.co/flWWUgAgLU,BUY,0.9,"The tweet contains a clear bullish statement from Elon Musk, who is a well-known figure in the crypto space.",DOGE,elonmusk,16414,138086,56959377,1723,HIGH_ATTENTION,NEUTRAL,BUY,16.8331976917436,17.843107346398476,incorrect,aligned
1113178951403180032,2019-04-03,2019-04-03 02:08:38 IST,Dogecoin value may vary  https://t.co/UWerAhPv63,NEUTRAL,0.4,The tweet mentions DOGE but lacks enough visible context to determine a next-day price direction.,DOGE,elonmusk,1943,20015,56959331,1079,HIGH_ATTENTION,NEUTRAL,BUY,16.8331976917436,17.843107346398476,incorrect,no_direction
1254039929333649409,2020-04-25,2020-04-25 18:59:52 IST,@28delayslater @justpaulinelol Dogecoin Mode,BUY,0.9,"The tweet contains a clear bullish reference to 'Dogecoin Mode', implying a positive sentiment towards DOGE.",DOGE,elonmusk,203,2181,56972668,124,HIGH_ATTENTION,BUY,BUY,12.49428128301584,11.0420738974379,correct,aligned
1284290215561986048,2020-07-18,2020-07-18 06:23:43 IST,"@izzynobre Excuse me, I only sell Doge!",BUY,0.9,Elon Musk's statement that he only sells Doge may increase demand and price for DOGE.,DOGE,elonmusk,807,15938,56981272,420,HIGH_ATTENTION,BUY,SELL,-2.612676702952088,-2.90503275104043,incorrect,opposite
1340590280848908288,2020-12-20,2020-12-20 15:00:04 IST,One word: Doge,BUY,0.9,"The tweet contains a single word 'Doge' from Elon Musk's account, which has historically been associated with price increases for DOGE.",DOGE,elonmusk,26283,222796,57060225,11123,HIGH_ATTENTION,BUY,BUY,3.520258786591885,6.392028224891554,correct,aligned
1357241340313141249,2021-02-04,2021-02-04 13:45:26 IST,Dogecoin is the people’s crypto,BUY,0.9,"The tweet contains clear bullish information for DOGE as it is referred to as 'the people's crypto', implying a positive sentiment and potential increase in popularity.",DOGE,elonmusk,104020,554485,-1,19383,HIGH_ATTENTION,BUY,SELL,-11.92471363404269,-15.223853185374379,incorrect,opposite
1357244295091208193,2021-02-04,2021-02-04 13:57:10 IST,"No highs, no lows, only Doge",BUY,0.8,The tweet contains a clear bullish statement for DOGE with no mention of any negative factors.,DOGE,elonmusk,113945,774349,-1,22458,HIGH_ATTENTION,BUY,SELL,-11.92471363404269,-15.223853185374379,incorrect,opposite
1359519541219500033,2021-02-10,2021-02-10 20:38:11 IST,"Bought some Dogecoin for lil X, so he can be a toddler hodler",BUY,0.8,Elon Musk's tweet indicates a positive sentiment towards DOGE by mentioning he bought some for his child.,DOGE,elonmusk,59277,549305,-1,28901,HIGH_ATTENTION,BUY,SELL,-4.417864223854415,-11.076963955385322,incorrect,opposite
1360007611781795840,2021-02-12,2021-02-12 04:57:37 IST,@gtera27 Doge is underestimated,BUY,0.7,Elon Musk's statement that 'Doge is underestimated' may be interpreted as a bullish sentiment for DOGE.,DOGE,elonmusk,8260,28177,-1,2134,HIGH_ATTENTION,BUY,SELL,-5.164943520293628,-4.324326823696714,incorrect,opposite
1361094185412100096,2021-02-15,2021-02-15 04:55:16 IST,"If major Dogecoin holders sell most of their coins, it will get my full support. Too much concentration is the only real issue imo.",NEUTRAL,0.4,The tweet mentions a potential issue with concentration of DOGE holdings but does not provide clear bullish or bearish information for the next-day price direction.,DOGE,elonmusk,34886,331015,57069619,28796,HIGH_ATTENTION,NEUTRAL,SELL,-5.425998928802478,-8.043191595124645,incorrect,no_direction
1361096223428653056,2021-02-15,2021-02-15 05:03:22 IST,@RationalEtienne An acceptable percentage. Doge is much more concentrated.,NEUTRAL,0.4,The tweet mentions DOGE but lacks clear context to determine a next-day price direction.,DOGE,elonmusk,742,6061,57069508,469,HIGH_ATTENTION,NEUTRAL,SELL,-5.425998928802478,-8.043191595124645,incorrect,no_direction
1363046350900785156,2021-02-20,2021-02-20 14:12:28 IST,@dogecoin I just set up some little Doge mining rigs with my kids. It was fun.,BUY,0.7,"Elon Musk's tweet about setting up Doge mining rigs with his kids may be seen as a positive sentiment towards DOGE, potentially increasing interest and demand.",DOGE,elonmusk,6783,55863,-1,2995,HIGH_ATTENTION,BUY,BUY,2.9335034309433223,0.36588227975382903,correct,aligned
1363067491673468932,2021-02-20,2021-02-20 15:36:29 IST,"@PPathole @dogecoin Just some used Antminer L3+ rigs bought off eBay. Not really economic, but it was a fun family project.",NEUTRAL,0.4,The tweet mentions DOGE but only in the context of a family project and does not provide clear price direction or market analysis.,DOGE,elonmusk,765,9054,57072112,638,HIGH_ATTENTION,BUY,BUY,2.9335034309433223,0.36588227975382903,correct,no_direction
