coin,tweet_source_file,price_symbol,interval,year_month,tweet_rows_in_month,tweet_days_in_month,source_url,source_note
BTC,data/BTC influencer tweets.csv,BTCUSDT,1m,2017-12,1,1,https://data.binance.vision/data/spot/monthly/klines/BTCUSDT/1m/BTCUSDT-1m-2017-12.zip,Binance monthly spot 1m klines; sample first tweet month verified with HTTP 200.
BTC,data/BTC influencer tweets.csv,BTCUSDT,1m,2018-01,1,1,https://data.binance.vision/data/spot/monthly/klines/BTCUSDT/1m/BTCUSDT-1m-2018-01.zip,Binance monthly spot 1m klines; sample first tweet month verified with HTTP 200.
BTC,data/BTC influencer tweets.csv,BTCUSDT,1m,2018-03,1,1,https://data.binance.vision/data/spot/monthly/klines/BTCUSDT/1m/BTCUSDT-1m-2018-03.zip,Binance monthly spot 1m klines; sample first tweet month verified with HTTP 200.
BTC,data/BTC influencer tweets.csv,BTCUSDT,1m,2018-06,1,1,https://data.binance.vision/data/spot/monthly/klines/BTCUSDT/1m/BTCUSDT-1m-2018-06.zip,Binance monthly spot 1m klines; sample first tweet month verified with HTTP 200.
BTC,data/BTC influencer tweets.csv,BTCUSDT,1m,2019-02,5,2,https://data.binance.vision/data/spot/monthly/klines/BTCUSDT/1m/BTCUSDT-1m-2019-02.zip,Binance monthly spot 1m klines; sample first tweet month verified with HTTP 200.
BTC,data/BTC influencer tweets.csv,BTCUSDT,1m,2019-03,8,6,https://data.binance.vision/data/spot/monthly/klines/BTCUSDT/1m/BTCUSDT-1m-2019-03.zip,Binance monthly spot 1m klines; sample first tweet month verified with HTTP 200.
BTC,data/BTC influencer tweets.csv,BTCUSDT,1m,2019-06,1,1,https://data.binance.vision/data/spot/monthly/klines/BTCUSDT/1m/BTCUSDT-1m-2019-06.zip,Binance monthly spot 1m klines; sample first tweet month verified with HTTP 200.
BTC,data/BTC influencer tweets.csv,BTCUSDT,1m,2019-11,5,4,https://data.binance.vision/data/spot/monthly/klines/BTCUSDT/1m/BTCUSDT-1m-2019-11.zip,Binance monthly spot 1m klines; sample first tweet month verified with HTTP 200.
BTC,data/BTC influencer tweets.csv,BTCUSDT,1m,2019-12,1,1,https://data.binance.vision/data/spot/monthly/klines/BTCUSDT/1m/BTCUSDT-1m-2019-12.zip,Binance monthly spot 1m klines; sample first tweet month verified with HTTP 200.
BTC,data/BTC influencer tweets.csv,BTCUSDT,1m,2020-02,3,3,https://data.binance.vision/data/spot/monthly/klines/BTCUSDT/1m/BTCUSDT-1m-2020-02.zip,Binance monthly spot 1m klines; sample first tweet month verified with HTTP 200.
BTC,data/BTC influencer tweets.csv,BTCUSDT,1m,2020-05,2,2,https://data.binance.vision/data/spot/monthly/klines/BTCUSDT/1m/BTCUSDT-1m-2020-05.zip,Binance monthly spot 1m klines; sample first tweet month verified with HTTP 200.
BTC,data/BTC influencer tweets.csv,BTCUSDT,1m,2020-07,1,1,https://data.binance.vision/data/spot/monthly/klines/BTCUSDT/1m/BTCUSDT-1m-2020-07.zip,Binance monthly spot 1m klines; sample first tweet month verified with HTTP 200.
BTC,data/BTC influencer tweets.csv,BTCUSDT,1m,2020-08,1,1,https://data.binance.vision/data/spot/monthly/klines/BTCUSDT/1m/BTCUSDT-1m-2020-08.zip,Binance monthly spot 1m klines; sample first tweet month verified with HTTP 200.
BTC,data/BTC influencer tweets.csv,BTCUSDT,1m,2020-09,15,8,https://data.binance.vision/data/spot/monthly/klines/BTCUSDT/1m/BTCUSDT-1m-2020-09.zip,Binance monthly spot 1m klines; sample first tweet month verified with HTTP 200.
BTC,data/BTC influencer tweets.csv,BTCUSDT,1m,2020-10,58,29,https://data.binance.vision/data/spot/monthly/klines/BTCUSDT/1m/BTCUSDT-1m-2020-10.zip,Binance monthly spot 1m klines; sample first tweet month verified with HTTP 200.
BTC,data/BTC influencer tweets.csv,BTCUSDT,1m,2020-11,50,27,https://data.binance.vision/data/spot/monthly/klines/BTCUSDT/1m/BTCUSDT-1m-2020-11.zip,Binance monthly spot 1m klines; sample first tweet month verified with HTTP 200.
BTC,data/BTC influencer tweets.csv,BTCUSDT,1m,2020-12,43,21,https://data.binance.vision/data/spot/monthly/klines/BTCUSDT/1m/BTCUSDT-1m-2020-12.zip,Binance monthly spot 1m klines; sample first tweet month verified with HTTP 200.
BTC,data/BTC influencer tweets.csv,BTCUSDT,1m,2021-01,55,29,https://data.binance.vision/data/spot/monthly/klines/BTCUSDT/1m/BTCUSDT-1m-2021-01.zip,Binance monthly spot 1m klines; sample first tweet month verified with HTTP 200.
BTC,data/BTC influencer tweets.csv,BTCUSDT,1m,2021-02,74,25,https://data.binance.vision/data/spot/monthly/klines/BTCUSDT/1m/BTCUSDT-1m-2021-02.zip,Binance monthly spot 1m klines; sample first tweet month verified with HTTP 200.
BTC,data/BTC influencer tweets.csv,BTCUSDT,1m,2022-06,2,2,https://data.binance.vision/data/spot/monthly/klines/BTCUSDT/1m/BTCUSDT-1m-2022-06.zip,Binance monthly spot 1m klines; sample first tweet month verified with HTTP 200.
ETH,data/ETH influencer tweets.csv,ETHUSDT,1m,2017-09,4,4,https://data.binance.vision/data/spot/monthly/klines/ETHUSDT/1m/ETHUSDT-1m-2017-09.zip,Binance monthly spot 1m klines; sample first tweet month verified with HTTP 200.
ETH,data/ETH influencer tweets.csv,ETHUSDT,1m,2017-10,15,12,https://data.binance.vision/data/spot/monthly/klines/ETHUSDT/1m/ETHUSDT-1m-2017-10.zip,Binance monthly spot 1m klines; sample first tweet month verified with HTTP 200.
ETH,data/ETH influencer tweets.csv,ETHUSDT,1m,2017-11,20,9,https://data.binance.vision/data/spot/monthly/klines/ETHUSDT/1m/ETHUSDT-1m-2017-11.zip,Binance monthly spot 1m klines; sample first tweet month verified with HTTP 200.
ETH,data/ETH influencer tweets.csv,ETHUSDT,1m,2017-12,12,7,https://data.binance.vision/data/spot/monthly/klines/ETHUSDT/1m/ETHUSDT-1m-2017-12.zip,Binance monthly spot 1m klines; sample first tweet month verified with HTTP 200.
ETH,data/ETH influencer tweets.csv,ETHUSDT,1m,2018-01,12,7,https://data.binance.vision/data/spot/monthly/klines/ETHUSDT/1m/ETHUSDT-1m-2018-01.zip,Binance monthly spot 1m klines; sample first tweet month verified with HTTP 200.
ETH,data/ETH influencer tweets.csv,ETHUSDT,1m,2018-02,3,3,https://data.binance.vision/data/spot/monthly/klines/ETHUSDT/1m/ETHUSDT-1m-2018-02.zip,Binance monthly spot 1m klines; sample first tweet month verified with HTTP 200.
ETH,data/ETH influencer tweets.csv,ETHUSDT,1m,2018-03,4,2,https://data.binance.vision/data/spot/monthly/klines/ETHUSDT/1m/ETHUSDT-1m-2018-03.zip,Binance monthly spot 1m klines; sample first tweet month verified with HTTP 200.
ETH,data/ETH influencer tweets.csv,ETHUSDT,1m,2018-04,35,10,https://data.binance.vision/data/spot/monthly/klines/ETHUSDT/1m/ETHUSDT-1m-2018-04.zip,Binance monthly spot 1m klines; sample first tweet month verified with HTTP 200.
ETH,data/ETH influencer tweets.csv,ETHUSDT,1m,2018-05,12,10,https://data.binance.vision/data/spot/monthly/klines/ETHUSDT/1m/ETHUSDT-1m-2018-05.zip,Binance monthly spot 1m klines; sample first tweet month verified with HTTP 200.
ETH,data/ETH influencer tweets.csv,ETHUSDT,1m,2018-06,6,4,https://data.binance.vision/data/spot/monthly/klines/ETHUSDT/1m/ETHUSDT-1m-2018-06.zip,Binance monthly spot 1m klines; sample first tweet month verified with HTTP 200.
ETH,data/ETH influencer tweets.csv,ETHUSDT,1m,2018-07,13,10,https://data.binance.vision/data/spot/monthly/klines/ETHUSDT/1m/ETHUSDT-1m-2018-07.zip,Binance monthly spot 1m klines; sample first tweet month verified with HTTP 200.
ETH,data/ETH influencer tweets.csv,ETHUSDT,1m,2018-08,12,10,https://data.binance.vision/data/spot/monthly/klines/ETHUSDT/1m/ETHUSDT-1m-2018-08.zip,Binance monthly spot 1m klines; sample first tweet month verified with HTTP 200.
ETH,data/ETH influencer tweets.csv,ETHUSDT,1m,2018-09,10,9,https://data.binance.vision/data/spot/monthly/klines/ETHUSDT/1m/ETHUSDT-1m-2018-09.zip,Binance monthly spot 1m klines; sample first tweet month verified with HTTP 200.
ETH,data/ETH influencer tweets.csv,ETHUSDT,1m,2018-10,9,8,https://data.binance.vision/data/spot/monthly/klines/ETHUSDT/1m/ETHUSDT-1m-2018-10.zip,Binance monthly spot 1m klines; sample first tweet month verified with HTTP 200.
ETH,data/ETH influencer tweets.csv,ETHUSDT,1m,2018-11,3,3,https://data.binance.vision/data/spot/monthly/klines/ETHUSDT/1m/ETHUSDT-1m-2018-11.zip,Binance monthly spot 1m klines; sample first tweet month verified with HTTP 200.
ETH,data/ETH influencer tweets.csv,ETHUSDT,1m,2018-12,9,7,https://data.binance.vision/data/spot/monthly/klines/ETHUSDT/1m/ETHUSDT-1m-2018-12.zip,Binance monthly spot 1m klines; sample first tweet month verified with HTTP 200.
ETH,data/ETH influencer tweets.csv,ETHUSDT,1m,2019-01,13,10,https://data.binance.vision/data/spot/monthly/klines/ETHUSDT/1m/ETHUSDT-1m-2019-01.zip,Binance monthly spot 1m klines; sample first tweet month verified with HTTP 200.
ETH,data/ETH influencer tweets.csv,ETHUSDT,1m,2019-02,2,2,https://data.binance.vision/data/spot/monthly/klines/ETHUSDT/1m/ETHUSDT-1m-2019-02.zip,Binance monthly spot 1m klines; sample first tweet month verified with HTTP 200.
ETH,data/ETH influencer tweets.csv,ETHUSDT,1m,2019-03,2,2,https://data.binance.vision/data/spot/monthly/klines/ETHUSDT/1m/ETHUSDT-1m-2019-03.zip,Binance monthly spot 1m klines; sample first tweet month verified with HTTP 200.
ETH,data/ETH influencer tweets.csv,ETHUSDT,1m,2019-04,2,2,https://data.binance.vision/data/spot/monthly/klines/ETHUSDT/1m/ETHUSDT-1m-2019-04.zip,Binance monthly spot 1m klines; sample first tweet month verified with HTTP 200.
ETH,data/ETH influencer tweets.csv,ETHUSDT,1m,2019-05,2,2,https://data.binance.vision/data/spot/monthly/klines/ETHUSDT/1m/ETHUSDT-1m-2019-05.zip,Binance monthly spot 1m klines; sample first tweet month verified with HTTP 200.
ETH,data/ETH influencer tweets.csv,ETHUSDT,1m,2019-06,3,3,https://data.binance.vision/data/spot/monthly/klines/ETHUSDT/1m/ETHUSDT-1m-2019-06.zip,Binance monthly spot 1m klines; sample first tweet month verified with HTTP 200.
ETH,data/ETH influencer tweets.csv,ETHUSDT,1m,2019-07,3,3,https://data.binance.vision/data/spot/monthly/klines/ETHUSDT/1m/ETHUSDT-1m-2019-07.zip,Binance monthly spot 1m klines; sample first tweet month verified with HTTP 200.
ETH,data/ETH influencer tweets.csv,ETHUSDT,1m,2019-08,2,2,https://data.binance.vision/data/spot/monthly/klines/ETHUSDT/1m/ETHUSDT-1m-2019-08.zip,Binance monthly spot 1m klines; sample first tweet month verified with HTTP 200.
ETH,data/ETH influencer tweets.csv,ETHUSDT,1m,2019-09,6,5,https://data.binance.vision/data/spot/monthly/klines/ETHUSDT/1m/ETHUSDT-1m-2019-09.zip,Binance monthly spot 1m klines; sample first tweet month verified with HTTP 200.
ETH,data/ETH influencer tweets.csv,ETHUSDT,1m,2019-10,7,4,https://data.binance.vision/data/spot/monthly/klines/ETHUSDT/1m/ETHUSDT-1m-2019-10.zip,Binance monthly spot 1m klines; sample first tweet month verified with HTTP 200.
ETH,data/ETH influencer tweets.csv,ETHUSDT,1m,2019-11,10,7,https://data.binance.vision/data/spot/monthly/klines/ETHUSDT/1m/ETHUSDT-1m-2019-11.zip,Binance monthly spot 1m klines; sample first tweet month verified with HTTP 200.
ETH,data/ETH influencer tweets.csv,ETHUSDT,1m,2019-12,15,12,https://data.binance.vision/data/spot/monthly/klines/ETHUSDT/1m/ETHUSDT-1m-2019-12.zip,Binance monthly spot 1m klines; sample first tweet month verified with HTTP 200.
ETH,data/ETH influencer tweets.csv,ETHUSDT,1m,2020-01,10,9,https://data.binance.vision/data/spot/monthly/klines/ETHUSDT/1m/ETHUSDT-1m-2020-01.zip,Binance monthly spot 1m klines; sample first tweet month verified with HTTP 200.
ETH,data/ETH influencer tweets.csv,ETHUSDT,1m,2020-02,9,6,https://data.binance.vision/data/spot/monthly/klines/ETHUSDT/1m/ETHUSDT-1m-2020-02.zip,Binance monthly spot 1m klines; sample first tweet month verified with HTTP 200.
ETH,data/ETH influencer tweets.csv,ETHUSDT,1m,2020-03,13,8,https://data.binance.vision/data/spot/monthly/klines/ETHUSDT/1m/ETHUSDT-1m-2020-03.zip,Binance monthly spot 1m klines; sample first tweet month verified with HTTP 200.
ETH,data/ETH influencer tweets.csv,ETHUSDT,1m,2020-04,13,10,https://data.binance.vision/data/spot/monthly/klines/ETHUSDT/1m/ETHUSDT-1m-2020-04.zip,Binance monthly spot 1m klines; sample first tweet month verified with HTTP 200.
ETH,data/ETH influencer tweets.csv,ETHUSDT,1m,2020-05,19,14,https://data.binance.vision/data/spot/monthly/klines/ETHUSDT/1m/ETHUSDT-1m-2020-05.zip,Binance monthly spot 1m klines; sample first tweet month verified with HTTP 200.
ETH,data/ETH influencer tweets.csv,ETHUSDT,1m,2020-06,17,12,https://data.binance.vision/data/spot/monthly/klines/ETHUSDT/1m/ETHUSDT-1m-2020-06.zip,Binance monthly spot 1m klines; sample first tweet month verified with HTTP 200.
ETH,data/ETH influencer tweets.csv,ETHUSDT,1m,2020-07,10,10,https://data.binance.vision/data/spot/monthly/klines/ETHUSDT/1m/ETHUSDT-1m-2020-07.zip,Binance monthly spot 1m klines; sample first tweet month verified with HTTP 200.
ETH,data/ETH influencer tweets.csv,ETHUSDT,1m,2020-08,22,13,https://data.binance.vision/data/spot/monthly/klines/ETHUSDT/1m/ETHUSDT-1m-2020-08.zip,Binance monthly spot 1m klines; sample first tweet month verified with HTTP 200.
ETH,data/ETH influencer tweets.csv,ETHUSDT,1m,2020-09,7,6,https://data.binance.vision/data/spot/monthly/klines/ETHUSDT/1m/ETHUSDT-1m-2020-09.zip,Binance monthly spot 1m klines; sample first tweet month verified with HTTP 200.
ETH,data/ETH influencer tweets.csv,ETHUSDT,1m,2020-10,14,10,https://data.binance.vision/data/spot/monthly/klines/ETHUSDT/1m/ETHUSDT-1m-2020-10.zip,Binance monthly spot 1m klines; sample first tweet month verified with HTTP 200.
ETH,data/ETH influencer tweets.csv,ETHUSDT,1m,2020-11,17,9,https://data.binance.vision/data/spot/monthly/klines/ETHUSDT/1m/ETHUSDT-1m-2020-11.zip,Binance monthly spot 1m klines; sample first tweet month verified with HTTP 200.
ETH,data/ETH influencer tweets.csv,ETHUSDT,1m,2020-12,11,6,https://data.binance.vision/data/spot/monthly/klines/ETHUSDT/1m/ETHUSDT-1m-2020-12.zip,Binance monthly spot 1m klines; sample first tweet month verified with HTTP 200.
ETH,data/ETH influencer tweets.csv,ETHUSDT,1m,2021-01,3,3,https://data.binance.vision/data/spot/monthly/klines/ETHUSDT/1m/ETHUSDT-1m-2021-01.zip,Binance monthly spot 1m klines; sample first tweet month verified with HTTP 200.
ETH,data/ETH influencer tweets.csv,ETHUSDT,1m,2021-02,3,3,https://data.binance.vision/data/spot/monthly/klines/ETHUSDT/1m/ETHUSDT-1m-2021-02.zip,Binance monthly spot 1m klines; sample first tweet month verified with HTTP 200.
DOGE,data/Elon Musk Tweets/all_musk_posts.csv,DOGEUSDT,1m,2019-07,254,30,https://data.binance.vision/data/spot/monthly/klines/DOGEUSDT/1m/DOGEUSDT-1m-2019-07.zip,"Elon source has older tweets, but Binance DOGEUSDT 1m sample is available from 2019-07; older tweet months omitted from this manifest."
DOGE,data/Elon Musk Tweets/all_musk_posts.csv,DOGEUSDT,1m,2019-08,233,28,https://data.binance.vision/data/spot/monthly/klines/DOGEUSDT/1m/DOGEUSDT-1m-2019-08.zip,"Elon source has older tweets, but Binance DOGEUSDT 1m sample is available from 2019-07; older tweet months omitted from this manifest."
DOGE,data/Elon Musk Tweets/all_musk_posts.csv,DOGEUSDT,1m,2019-09,295,28,https://data.binance.vision/data/spot/monthly/klines/DOGEUSDT/1m/DOGEUSDT-1m-2019-09.zip,"Elon source has older tweets, but Binance DOGEUSDT 1m sample is available from 2019-07; older tweet months omitted from this manifest."
DOGE,data/Elon Musk Tweets/all_musk_posts.csv,DOGEUSDT,1m,2019-10,249,28,https://data.binance.vision/data/spot/monthly/klines/DOGEUSDT/1m/DOGEUSDT-1m-2019-10.zip,"Elon source has older tweets, but Binance DOGEUSDT 1m sample is available from 2019-07; older tweet months omitted from this manifest."
DOGE,data/Elon Musk Tweets/all_musk_posts.csv,DOGEUSDT,1m,2019-11,154,25,https://data.binance.vision/data/spot/monthly/klines/DOGEUSDT/1m/DOGEUSDT-1m-2019-11.zip,"Elon source has older tweets, but Binance DOGEUSDT 1m sample is available from 2019-07; older tweet months omitted from this manifest."
DOGE,data/Elon Musk Tweets/all_musk_posts.csv,DOGEUSDT,1m,2019-12,254,26,https://data.binance.vision/data/spot/monthly/klines/DOGEUSDT/1m/DOGEUSDT-1m-2019-12.zip,"Elon source has older tweets, but Binance DOGEUSDT 1m sample is available from 2019-07; older tweet months omitted from this manifest."
DOGE,data/Elon Musk Tweets/all_musk_posts.csv,DOGEUSDT,1m,2020-01,184,29,https://data.binance.vision/data/spot/monthly/klines/DOGEUSDT/1m/DOGEUSDT-1m-2020-01.zip,"Elon source has older tweets, but Binance DOGEUSDT 1m sample is available from 2019-07; older tweet months omitted from this manifest."
DOGE,data/Elon Musk Tweets/all_musk_posts.csv,DOGEUSDT,1m,2020-02,225,25,https://data.binance.vision/data/spot/monthly/klines/DOGEUSDT/1m/DOGEUSDT-1m-2020-02.zip,"Elon source has older tweets, but Binance DOGEUSDT 1m sample is available from 2019-07; older tweet months omitted from this manifest."
DOGE,data/Elon Musk Tweets/all_musk_posts.csv,DOGEUSDT,1m,2020-03,247,28,https://data.binance.vision/data/spot/monthly/klines/DOGEUSDT/1m/DOGEUSDT-1m-2020-03.zip,"Elon source has older tweets, but Binance DOGEUSDT 1m sample is available from 2019-07; older tweet months omitted from this manifest."
DOGE,data/Elon Musk Tweets/all_musk_posts.csv,DOGEUSDT,1m,2020-04,387,30,https://data.binance.vision/data/spot/monthly/klines/DOGEUSDT/1m/DOGEUSDT-1m-2020-04.zip,"Elon source has older tweets, but Binance DOGEUSDT 1m sample is available from 2019-07; older tweet months omitted from this manifest."
DOGE,data/Elon Musk Tweets/all_musk_posts.csv,DOGEUSDT,1m,2020-05,376,29,https://data.binance.vision/data/spot/monthly/klines/DOGEUSDT/1m/DOGEUSDT-1m-2020-05.zip,"Elon source has older tweets, but Binance DOGEUSDT 1m sample is available from 2019-07; older tweet months omitted from this manifest."
DOGE,data/Elon Musk Tweets/all_musk_posts.csv,DOGEUSDT,1m,2020-06,249,27,https://data.binance.vision/data/spot/monthly/klines/DOGEUSDT/1m/DOGEUSDT-1m-2020-06.zip,"Elon source has older tweets, but Binance DOGEUSDT 1m sample is available from 2019-07; older tweet months omitted from this manifest."
DOGE,data/Elon Musk Tweets/all_musk_posts.csv,DOGEUSDT,1m,2020-07,446,30,https://data.binance.vision/data/spot/monthly/klines/DOGEUSDT/1m/DOGEUSDT-1m-2020-07.zip,"Elon source has older tweets, but Binance DOGEUSDT 1m sample is available from 2019-07; older tweet months omitted from this manifest."
DOGE,data/Elon Musk Tweets/all_musk_posts.csv,DOGEUSDT,1m,2020-08,292,28,https://data.binance.vision/data/spot/monthly/klines/DOGEUSDT/1m/DOGEUSDT-1m-2020-08.zip,"Elon source has older tweets, but Binance DOGEUSDT 1m sample is available from 2019-07; older tweet months omitted from this manifest."
DOGE,data/Elon Musk Tweets/all_musk_posts.csv,DOGEUSDT,1m,2020-09,215,28,https://data.binance.vision/data/spot/monthly/klines/DOGEUSDT/1m/DOGEUSDT-1m-2020-09.zip,"Elon source has older tweets, but Binance DOGEUSDT 1m sample is available from 2019-07; older tweet months omitted from this manifest."
DOGE,data/Elon Musk Tweets/all_musk_posts.csv,DOGEUSDT,1m,2020-10,284,31,https://data.binance.vision/data/spot/monthly/klines/DOGEUSDT/1m/DOGEUSDT-1m-2020-10.zip,"Elon source has older tweets, but Binance DOGEUSDT 1m sample is available from 2019-07; older tweet months omitted from this manifest."
DOGE,data/Elon Musk Tweets/all_musk_posts.csv,DOGEUSDT,1m,2020-11,281,29,https://data.binance.vision/data/spot/monthly/klines/DOGEUSDT/1m/DOGEUSDT-1m-2020-11.zip,"Elon source has older tweets, but Binance DOGEUSDT 1m sample is available from 2019-07; older tweet months omitted from this manifest."
DOGE,data/Elon Musk Tweets/all_musk_posts.csv,DOGEUSDT,1m,2020-12,186,28,https://data.binance.vision/data/spot/monthly/klines/DOGEUSDT/1m/DOGEUSDT-1m-2020-12.zip,"Elon source has older tweets, but Binance DOGEUSDT 1m sample is available from 2019-07; older tweet months omitted from this manifest."
DOGE,data/Elon Musk Tweets/all_musk_posts.csv,DOGEUSDT,1m,2021-01,222,28,https://data.binance.vision/data/spot/monthly/klines/DOGEUSDT/1m/DOGEUSDT-1m-2021-01.zip,"Elon source has older tweets, but Binance DOGEUSDT 1m sample is available from 2019-07; older tweet months omitted from this manifest."
DOGE,data/Elon Musk Tweets/all_musk_posts.csv,DOGEUSDT,1m,2021-02,204,25,https://data.binance.vision/data/spot/monthly/klines/DOGEUSDT/1m/DOGEUSDT-1m-2021-02.zip,"Elon source has older tweets, but Binance DOGEUSDT 1m sample is available from 2019-07; older tweet months omitted from this manifest."
DOGE,data/Elon Musk Tweets/all_musk_posts.csv,DOGEUSDT,1m,2021-03,229,31,https://data.binance.vision/data/spot/monthly/klines/DOGEUSDT/1m/DOGEUSDT-1m-2021-03.zip,"Elon source has older tweets, but Binance DOGEUSDT 1m sample is available from 2019-07; older tweet months omitted from this manifest."
DOGE,data/Elon Musk Tweets/all_musk_posts.csv,DOGEUSDT,1m,2021-04,244,28,https://data.binance.vision/data/spot/monthly/klines/DOGEUSDT/1m/DOGEUSDT-1m-2021-04.zip,"Elon source has older tweets, but Binance DOGEUSDT 1m sample is available from 2019-07; older tweet months omitted from this manifest."
DOGE,data/Elon Musk Tweets/all_musk_posts.csv,DOGEUSDT,1m,2021-05,192,31,https://data.binance.vision/data/spot/monthly/klines/DOGEUSDT/1m/DOGEUSDT-1m-2021-05.zip,"Elon source has older tweets, but Binance DOGEUSDT 1m sample is available from 2019-07; older tweet months omitted from this manifest."
DOGE,data/Elon Musk Tweets/all_musk_posts.csv,DOGEUSDT,1m,2021-06,210,28,https://data.binance.vision/data/spot/monthly/klines/DOGEUSDT/1m/DOGEUSDT-1m-2021-06.zip,"Elon source has older tweets, but Binance DOGEUSDT 1m sample is available from 2019-07; older tweet months omitted from this manifest."
DOGE,data/Elon Musk Tweets/all_musk_posts.csv,DOGEUSDT,1m,2021-07,388,31,https://data.binance.vision/data/spot/monthly/klines/DOGEUSDT/1m/DOGEUSDT-1m-2021-07.zip,"Elon source has older tweets, but Binance DOGEUSDT 1m sample is available from 2019-07; older tweet months omitted from this manifest."
DOGE,data/Elon Musk Tweets/all_musk_posts.csv,DOGEUSDT,1m,2021-08,235,29,https://data.binance.vision/data/spot/monthly/klines/DOGEUSDT/1m/DOGEUSDT-1m-2021-08.zip,"Elon source has older tweets, but Binance DOGEUSDT 1m sample is available from 2019-07; older tweet months omitted from this manifest."
DOGE,data/Elon Musk Tweets/all_musk_posts.csv,DOGEUSDT,1m,2021-09,263,29,https://data.binance.vision/data/spot/monthly/klines/DOGEUSDT/1m/DOGEUSDT-1m-2021-09.zip,"Elon source has older tweets, but Binance DOGEUSDT 1m sample is available from 2019-07; older tweet months omitted from this manifest."
DOGE,data/Elon Musk Tweets/all_musk_posts.csv,DOGEUSDT,1m,2021-10,289,30,https://data.binance.vision/data/spot/monthly/klines/DOGEUSDT/1m/DOGEUSDT-1m-2021-10.zip,"Elon source has older tweets, but Binance DOGEUSDT 1m sample is available from 2019-07; older tweet months omitted from this manifest."
DOGE,data/Elon Musk Tweets/all_musk_posts.csv,DOGEUSDT,1m,2021-11,317,30,https://data.binance.vision/data/spot/monthly/klines/DOGEUSDT/1m/DOGEUSDT-1m-2021-11.zip,"Elon source has older tweets, but Binance DOGEUSDT 1m sample is available from 2019-07; older tweet months omitted from this manifest."
DOGE,data/Elon Musk Tweets/all_musk_posts.csv,DOGEUSDT,1m,2021-12,346,31,https://data.binance.vision/data/spot/monthly/klines/DOGEUSDT/1m/DOGEUSDT-1m-2021-12.zip,"Elon source has older tweets, but Binance DOGEUSDT 1m sample is available from 2019-07; older tweet months omitted from this manifest."
DOGE,data/Elon Musk Tweets/all_musk_posts.csv,DOGEUSDT,1m,2022-01,217,28,https://data.binance.vision/data/spot/monthly/klines/DOGEUSDT/1m/DOGEUSDT-1m-2022-01.zip,"Elon source has older tweets, but Binance DOGEUSDT 1m sample is available from 2019-07; older tweet months omitted from this manifest."
DOGE,data/Elon Musk Tweets/all_musk_posts.csv,DOGEUSDT,1m,2022-02,264,26,https://data.binance.vision/data/spot/monthly/klines/DOGEUSDT/1m/DOGEUSDT-1m-2022-02.zip,"Elon source has older tweets, but Binance DOGEUSDT 1m sample is available from 2019-07; older tweet months omitted from this manifest."
DOGE,data/Elon Musk Tweets/all_musk_posts.csv,DOGEUSDT,1m,2022-03,272,30,https://data.binance.vision/data/spot/monthly/klines/DOGEUSDT/1m/DOGEUSDT-1m-2022-03.zip,"Elon source has older tweets, but Binance DOGEUSDT 1m sample is available from 2019-07; older tweet months omitted from this manifest."
DOGE,data/Elon Musk Tweets/all_musk_posts.csv,DOGEUSDT,1m,2022-04,342,27,https://data.binance.vision/data/spot/monthly/klines/DOGEUSDT/1m/DOGEUSDT-1m-2022-04.zip,"Elon source has older tweets, but Binance DOGEUSDT 1m sample is available from 2019-07; older tweet months omitted from this manifest."
DOGE,data/Elon Musk Tweets/all_musk_posts.csv,DOGEUSDT,1m,2022-05,593,31,https://data.binance.vision/data/spot/monthly/klines/DOGEUSDT/1m/DOGEUSDT-1m-2022-05.zip,"Elon source has older tweets, but Binance DOGEUSDT 1m sample is available from 2019-07; older tweet months omitted from this manifest."
DOGE,data/Elon Musk Tweets/all_musk_posts.csv,DOGEUSDT,1m,2022-06,353,21,https://data.binance.vision/data/spot/monthly/klines/DOGEUSDT/1m/DOGEUSDT-1m-2022-06.zip,"Elon source has older tweets, but Binance DOGEUSDT 1m sample is available from 2019-07; older tweet months omitted from this manifest."
DOGE,data/Elon Musk Tweets/all_musk_posts.csv,DOGEUSDT,1m,2022-07,323,26,https://data.binance.vision/data/spot/monthly/klines/DOGEUSDT/1m/DOGEUSDT-1m-2022-07.zip,"Elon source has older tweets, but Binance DOGEUSDT 1m sample is available from 2019-07; older tweet months omitted from this manifest."
DOGE,data/Elon Musk Tweets/all_musk_posts.csv,DOGEUSDT,1m,2022-08,261,30,https://data.binance.vision/data/spot/monthly/klines/DOGEUSDT/1m/DOGEUSDT-1m-2022-08.zip,"Elon source has older tweets, but Binance DOGEUSDT 1m sample is available from 2019-07; older tweet months omitted from this manifest."
DOGE,data/Elon Musk Tweets/all_musk_posts.csv,DOGEUSDT,1m,2022-09,268,29,https://data.binance.vision/data/spot/monthly/klines/DOGEUSDT/1m/DOGEUSDT-1m-2022-09.zip,"Elon source has older tweets, but Binance DOGEUSDT 1m sample is available from 2019-07; older tweet months omitted from this manifest."
DOGE,data/Elon Musk Tweets/all_musk_posts.csv,DOGEUSDT,1m,2022-10,543,31,https://data.binance.vision/data/spot/monthly/klines/DOGEUSDT/1m/DOGEUSDT-1m-2022-10.zip,"Elon source has older tweets, but Binance DOGEUSDT 1m sample is available from 2019-07; older tweet months omitted from this manifest."
DOGE,data/Elon Musk Tweets/all_musk_posts.csv,DOGEUSDT,1m,2022-11,952,30,https://data.binance.vision/data/spot/monthly/klines/DOGEUSDT/1m/DOGEUSDT-1m-2022-11.zip,"Elon source has older tweets, but Binance DOGEUSDT 1m sample is available from 2019-07; older tweet months omitted from this manifest."
DOGE,data/Elon Musk Tweets/all_musk_posts.csv,DOGEUSDT,1m,2022-12,1002,31,https://data.binance.vision/data/spot/monthly/klines/DOGEUSDT/1m/DOGEUSDT-1m-2022-12.zip,"Elon source has older tweets, but Binance DOGEUSDT 1m sample is available from 2019-07; older tweet months omitted from this manifest."
DOGE,data/Elon Musk Tweets/all_musk_posts.csv,DOGEUSDT,1m,2023-01,612,31,https://data.binance.vision/data/spot/monthly/klines/DOGEUSDT/1m/DOGEUSDT-1m-2023-01.zip,"Elon source has older tweets, but Binance DOGEUSDT 1m sample is available from 2019-07; older tweet months omitted from this manifest."
DOGE,data/Elon Musk Tweets/all_musk_posts.csv,DOGEUSDT,1m,2023-02,765,28,https://data.binance.vision/data/spot/monthly/klines/DOGEUSDT/1m/DOGEUSDT-1m-2023-02.zip,"Elon source has older tweets, but Binance DOGEUSDT 1m sample is available from 2019-07; older tweet months omitted from this manifest."
DOGE,data/Elon Musk Tweets/all_musk_posts.csv,DOGEUSDT,1m,2023-03,811,31,https://data.binance.vision/data/spot/monthly/klines/DOGEUSDT/1m/DOGEUSDT-1m-2023-03.zip,"Elon source has older tweets, but Binance DOGEUSDT 1m sample is available from 2019-07; older tweet months omitted from this manifest."
DOGE,data/Elon Musk Tweets/all_musk_posts.csv,DOGEUSDT,1m,2023-04,1172,30,https://data.binance.vision/data/spot/monthly/klines/DOGEUSDT/1m/DOGEUSDT-1m-2023-04.zip,"Elon source has older tweets, but Binance DOGEUSDT 1m sample is available from 2019-07; older tweet months omitted from this manifest."
DOGE,data/Elon Musk Tweets/all_musk_posts.csv,DOGEUSDT,1m,2023-05,1075,29,https://data.binance.vision/data/spot/monthly/klines/DOGEUSDT/1m/DOGEUSDT-1m-2023-05.zip,"Elon source has older tweets, but Binance DOGEUSDT 1m sample is available from 2019-07; older tweet months omitted from this manifest."
DOGE,data/Elon Musk Tweets/all_musk_posts.csv,DOGEUSDT,1m,2023-06,1001,30,https://data.binance.vision/data/spot/monthly/klines/DOGEUSDT/1m/DOGEUSDT-1m-2023-06.zip,"Elon source has older tweets, but Binance DOGEUSDT 1m sample is available from 2019-07; older tweet months omitted from this manifest."
DOGE,data/Elon Musk Tweets/all_musk_posts.csv,DOGEUSDT,1m,2023-07,841,31,https://data.binance.vision/data/spot/monthly/klines/DOGEUSDT/1m/DOGEUSDT-1m-2023-07.zip,"Elon source has older tweets, but Binance DOGEUSDT 1m sample is available from 2019-07; older tweet months omitted from this manifest."
DOGE,data/Elon Musk Tweets/all_musk_posts.csv,DOGEUSDT,1m,2023-08,917,31,https://data.binance.vision/data/spot/monthly/klines/DOGEUSDT/1m/DOGEUSDT-1m-2023-08.zip,"Elon source has older tweets, but Binance DOGEUSDT 1m sample is available from 2019-07; older tweet months omitted from this manifest."
DOGE,data/Elon Musk Tweets/all_musk_posts.csv,DOGEUSDT,1m,2023-09,933,30,https://data.binance.vision/data/spot/monthly/klines/DOGEUSDT/1m/DOGEUSDT-1m-2023-09.zip,"Elon source has older tweets, but Binance DOGEUSDT 1m sample is available from 2019-07; older tweet months omitted from this manifest."
DOGE,data/Elon Musk Tweets/all_musk_posts.csv,DOGEUSDT,1m,2023-10,824,31,https://data.binance.vision/data/spot/monthly/klines/DOGEUSDT/1m/DOGEUSDT-1m-2023-10.zip,"Elon source has older tweets, but Binance DOGEUSDT 1m sample is available from 2019-07; older tweet months omitted from this manifest."
DOGE,data/Elon Musk Tweets/all_musk_posts.csv,DOGEUSDT,1m,2023-11,909,29,https://data.binance.vision/data/spot/monthly/klines/DOGEUSDT/1m/DOGEUSDT-1m-2023-11.zip,"Elon source has older tweets, but Binance DOGEUSDT 1m sample is available from 2019-07; older tweet months omitted from this manifest."
DOGE,data/Elon Musk Tweets/all_musk_posts.csv,DOGEUSDT,1m,2023-12,831,31,https://data.binance.vision/data/spot/monthly/klines/DOGEUSDT/1m/DOGEUSDT-1m-2023-12.zip,"Elon source has older tweets, but Binance DOGEUSDT 1m sample is available from 2019-07; older tweet months omitted from this manifest."
DOGE,data/Elon Musk Tweets/all_musk_posts.csv,DOGEUSDT,1m,2024-01,968,31,https://data.binance.vision/data/spot/monthly/klines/DOGEUSDT/1m/DOGEUSDT-1m-2024-01.zip,"Elon source has older tweets, but Binance DOGEUSDT 1m sample is available from 2019-07; older tweet months omitted from this manifest."
DOGE,data/Elon Musk Tweets/all_musk_posts.csv,DOGEUSDT,1m,2024-02,1030,29,https://data.binance.vision/data/spot/monthly/klines/DOGEUSDT/1m/DOGEUSDT-1m-2024-02.zip,"Elon source has older tweets, but Binance DOGEUSDT 1m sample is available from 2019-07; older tweet months omitted from this manifest."
DOGE,data/Elon Musk Tweets/all_musk_posts.csv,DOGEUSDT,1m,2024-03,1483,31,https://data.binance.vision/data/spot/monthly/klines/DOGEUSDT/1m/DOGEUSDT-1m-2024-03.zip,"Elon source has older tweets, but Binance DOGEUSDT 1m sample is available from 2019-07; older tweet months omitted from this manifest."
DOGE,data/Elon Musk Tweets/all_musk_posts.csv,DOGEUSDT,1m,2024-04,1161,30,https://data.binance.vision/data/spot/monthly/klines/DOGEUSDT/1m/DOGEUSDT-1m-2024-04.zip,"Elon source has older tweets, but Binance DOGEUSDT 1m sample is available from 2019-07; older tweet months omitted from this manifest."
DOGE,data/Elon Musk Tweets/all_musk_posts.csv,DOGEUSDT,1m,2024-05,980,31,https://data.binance.vision/data/spot/monthly/klines/DOGEUSDT/1m/DOGEUSDT-1m-2024-05.zip,"Elon source has older tweets, but Binance DOGEUSDT 1m sample is available from 2019-07; older tweet months omitted from this manifest."
DOGE,data/Elon Musk Tweets/all_musk_posts.csv,DOGEUSDT,1m,2024-06,835,30,https://data.binance.vision/data/spot/monthly/klines/DOGEUSDT/1m/DOGEUSDT-1m-2024-06.zip,"Elon source has older tweets, but Binance DOGEUSDT 1m sample is available from 2019-07; older tweet months omitted from this manifest."
DOGE,data/Elon Musk Tweets/all_musk_posts.csv,DOGEUSDT,1m,2024-07,1324,31,https://data.binance.vision/data/spot/monthly/klines/DOGEUSDT/1m/DOGEUSDT-1m-2024-07.zip,"Elon source has older tweets, but Binance DOGEUSDT 1m sample is available from 2019-07; older tweet months omitted from this manifest."
DOGE,data/Elon Musk Tweets/all_musk_posts.csv,DOGEUSDT,1m,2024-08,1219,31,https://data.binance.vision/data/spot/monthly/klines/DOGEUSDT/1m/DOGEUSDT-1m-2024-08.zip,"Elon source has older tweets, but Binance DOGEUSDT 1m sample is available from 2019-07; older tweet months omitted from this manifest."
DOGE,data/Elon Musk Tweets/all_musk_posts.csv,DOGEUSDT,1m,2024-09,1536,30,https://data.binance.vision/data/spot/monthly/klines/DOGEUSDT/1m/DOGEUSDT-1m-2024-09.zip,"Elon source has older tweets, but Binance DOGEUSDT 1m sample is available from 2019-07; older tweet months omitted from this manifest."
DOGE,data/Elon Musk Tweets/all_musk_posts.csv,DOGEUSDT,1m,2024-10,2041,31,https://data.binance.vision/data/spot/monthly/klines/DOGEUSDT/1m/DOGEUSDT-1m-2024-10.zip,"Elon source has older tweets, but Binance DOGEUSDT 1m sample is available from 2019-07; older tweet months omitted from this manifest."
DOGE,data/Elon Musk Tweets/all_musk_posts.csv,DOGEUSDT,1m,2024-11,2421,30,https://data.binance.vision/data/spot/monthly/klines/DOGEUSDT/1m/DOGEUSDT-1m-2024-11.zip,"Elon source has older tweets, but Binance DOGEUSDT 1m sample is available from 2019-07; older tweet months omitted from this manifest."
DOGE,data/Elon Musk Tweets/all_musk_posts.csv,DOGEUSDT,1m,2024-12,1940,31,https://data.binance.vision/data/spot/monthly/klines/DOGEUSDT/1m/DOGEUSDT-1m-2024-12.zip,"Elon source has older tweets, but Binance DOGEUSDT 1m sample is available from 2019-07; older tweet months omitted from this manifest."
DOGE,data/Elon Musk Tweets/all_musk_posts.csv,DOGEUSDT,1m,2025-01,1740,31,https://data.binance.vision/data/spot/monthly/klines/DOGEUSDT/1m/DOGEUSDT-1m-2025-01.zip,"Elon source has older tweets, but Binance DOGEUSDT 1m sample is available from 2019-07; older tweet months omitted from this manifest."
DOGE,data/Elon Musk Tweets/all_musk_posts.csv,DOGEUSDT,1m,2025-02,2144,28,https://data.binance.vision/data/spot/monthly/klines/DOGEUSDT/1m/DOGEUSDT-1m-2025-02.zip,"Elon source has older tweets, but Binance DOGEUSDT 1m sample is available from 2019-07; older tweet months omitted from this manifest."
DOGE,data/Elon Musk Tweets/all_musk_posts.csv,DOGEUSDT,1m,2025-03,2039,31,https://data.binance.vision/data/spot/monthly/klines/DOGEUSDT/1m/DOGEUSDT-1m-2025-03.zip,"Elon source has older tweets, but Binance DOGEUSDT 1m sample is available from 2019-07; older tweet months omitted from this manifest."
DOGE,data/Elon Musk Tweets/all_musk_posts.csv,DOGEUSDT,1m,2025-04,405,13,https://data.binance.vision/data/spot/monthly/klines/DOGEUSDT/1m/DOGEUSDT-1m-2025-04.zip,"Elon source has older tweets, but Binance DOGEUSDT 1m sample is available from 2019-07; older tweet months omitted from this manifest."
SOL,data/SOL influencer tweets.csv,SOLUSDT,1m,2020-08,2,2,https://data.binance.vision/data/spot/monthly/klines/SOLUSDT/1m/SOLUSDT-1m-2020-08.zip,"SOL tweet file starts in 2019, but SOLUSDT 2019-11 and 2020-04 monthly files returned 404; 2020-08 sample verified with HTTP 200."
SOL,data/SOL influencer tweets.csv,SOLUSDT,1m,2020-09,4,4,https://data.binance.vision/data/spot/monthly/klines/SOLUSDT/1m/SOLUSDT-1m-2020-09.zip,"SOL tweet file starts in 2019, but SOLUSDT 2019-11 and 2020-04 monthly files returned 404; 2020-08 sample verified with HTTP 200."
SOL,data/SOL influencer tweets.csv,SOLUSDT,1m,2020-10,1,1,https://data.binance.vision/data/spot/monthly/klines/SOLUSDT/1m/SOLUSDT-1m-2020-10.zip,"SOL tweet file starts in 2019, but SOLUSDT 2019-11 and 2020-04 monthly files returned 404; 2020-08 sample verified with HTTP 200."
SOL,data/SOL influencer tweets.csv,SOLUSDT,1m,2021-01,1,1,https://data.binance.vision/data/spot/monthly/klines/SOLUSDT/1m/SOLUSDT-1m-2021-01.zip,"SOL tweet file starts in 2019, but SOLUSDT 2019-11 and 2020-04 monthly files returned 404; 2020-08 sample verified with HTTP 200."
SOL,data/SOL influencer tweets.csv,SOLUSDT,1m,2021-02,4,4,https://data.binance.vision/data/spot/monthly/klines/SOLUSDT/1m/SOLUSDT-1m-2021-02.zip,"SOL tweet file starts in 2019, but SOLUSDT 2019-11 and 2020-04 monthly files returned 404; 2020-08 sample verified with HTTP 200."
TRUMP,data/Trump Tweets(2009-2025).csv,TRUMPUSDT,1m,2025-01,479,31,https://data.binance.vision/data/spot/monthly/klines/TRUMPUSDT/1m/TRUMPUSDT-1m-2025-01.zip,Trump account history starts before the token exists; this manifest includes only 2025-01 onward. January still needs event-time filtering after the 2025-01-17 launch/listing window.
TRUMP,data/Trump Tweets(2009-2025).csv,TRUMPUSDT,1m,2025-02,554,28,https://data.binance.vision/data/spot/monthly/klines/TRUMPUSDT/1m/TRUMPUSDT-1m-2025-02.zip,Trump account history starts before the token exists; this manifest includes only 2025-01 onward. January still needs event-time filtering after the 2025-01-17 launch/listing window.
TRUMP,data/Trump Tweets(2009-2025).csv,TRUMPUSDT,1m,2025-03,671,31,https://data.binance.vision/data/spot/monthly/klines/TRUMPUSDT/1m/TRUMPUSDT-1m-2025-03.zip,Trump account history starts before the token exists; this manifest includes only 2025-01 onward. January still needs event-time filtering after the 2025-01-17 launch/listing window.
TRUMP,data/Trump Tweets(2009-2025).csv,TRUMPUSDT,1m,2025-04,481,30,https://data.binance.vision/data/spot/monthly/klines/TRUMPUSDT/1m/TRUMPUSDT-1m-2025-04.zip,Trump account history starts before the token exists; this manifest includes only 2025-01 onward. January still needs event-time filtering after the 2025-01-17 launch/listing window.
TRUMP,data/Trump Tweets(2009-2025).csv,TRUMPUSDT,1m,2025-05,542,31,https://data.binance.vision/data/spot/monthly/klines/TRUMPUSDT/1m/TRUMPUSDT-1m-2025-05.zip,Trump account history starts before the token exists; this manifest includes only 2025-01 onward. January still needs event-time filtering after the 2025-01-17 launch/listing window.
TRUMP,data/Trump Tweets(2009-2025).csv,TRUMPUSDT,1m,2025-06,526,30,https://data.binance.vision/data/spot/monthly/klines/TRUMPUSDT/1m/TRUMPUSDT-1m-2025-06.zip,Trump account history starts before the token exists; this manifest includes only 2025-01 onward. January still needs event-time filtering after the 2025-01-17 launch/listing window.
TRUMP,data/Trump Tweets(2009-2025).csv,TRUMPUSDT,1m,2025-07,635,31,https://data.binance.vision/data/spot/monthly/klines/TRUMPUSDT/1m/TRUMPUSDT-1m-2025-07.zip,Trump account history starts before the token exists; this manifest includes only 2025-01 onward. January still needs event-time filtering after the 2025-01-17 launch/listing window.
TRUMP,data/Trump Tweets(2009-2025).csv,TRUMPUSDT,1m,2025-08,580,31,https://data.binance.vision/data/spot/monthly/klines/TRUMPUSDT/1m/TRUMPUSDT-1m-2025-08.zip,Trump account history starts before the token exists; this manifest includes only 2025-01 onward. January still needs event-time filtering after the 2025-01-17 launch/listing window.
TRUMP,data/Trump Tweets(2009-2025).csv,TRUMPUSDT,1m,2025-09,428,30,https://data.binance.vision/data/spot/monthly/klines/TRUMPUSDT/1m/TRUMPUSDT-1m-2025-09.zip,Trump account history starts before the token exists; this manifest includes only 2025-01 onward. January still needs event-time filtering after the 2025-01-17 launch/listing window.
TRUMP,data/Trump Tweets(2009-2025).csv,TRUMPUSDT,1m,2025-10,494,31,https://data.binance.vision/data/spot/monthly/klines/TRUMPUSDT/1m/TRUMPUSDT-1m-2025-10.zip,Trump account history starts before the token exists; this manifest includes only 2025-01 onward. January still needs event-time filtering after the 2025-01-17 launch/listing window.
TRUMP,data/Trump Tweets(2009-2025).csv,TRUMPUSDT,1m,2025-11,626,29,https://data.binance.vision/data/spot/monthly/klines/TRUMPUSDT/1m/TRUMPUSDT-1m-2025-11.zip,Trump account history starts before the token exists; this manifest includes only 2025-01 onward. January still needs event-time filtering after the 2025-01-17 launch/listing window.
TRUMP,data/Trump Tweets(2009-2025).csv,TRUMPUSDT,1m,2025-12,628,29,https://data.binance.vision/data/spot/monthly/klines/TRUMPUSDT/1m/TRUMPUSDT-1m-2025-12.zip,Trump account history starts before the token exists; this manifest includes only 2025-01 onward. January still needs event-time filtering after the 2025-01-17 launch/listing window.
