influencer_group,influencer_name,handle,tweet_id,tweet_url,created_at_raw,created_at_utc,tweet,replies_count,retweets_count,likes_count,follower_count,source_dataset_coins,source_files
SOL,Solana official,solana,1190316685699338240,https://x.com/solana/status/1190316685699338240,2019-11-01 22:46:27 IST,2019-11-01T17:16:27Z,"See yall tonight! Join us for an open bar and presentations from @MakerDAO, @0xProject, @chainlink and more 🙂    https://t.co/0aJxgtFMS3  We have over 450 RVSPs and suggest showing up by 530 to ensure entry",5,21,87,284380,link,data/CrypTop12-main/tweet/raw/link/2019-11-01.json
SOL,Solana official,solana,1190326259261136897,https://x.com/solana/status/1190326259261136897,2019-11-01 23:24:30 IST,2019-11-01T17:54:30Z,"@MakerDAO @0xProject @chainlink @dydxprotocol @ddexio2018 @hummingbot After the presentations, we will be hosting a fireside chat between @SergeyNazarov CEO of @chainlink, @abandeali1 Co-founder &amp; CTO of @0xProject, and @aeyakovenko CEO of @solana",1,9,37,284380,link,data/CrypTop12-main/tweet/raw/link/2019-11-01.json
SOL,Solana official,solana,1213223793981739008,https://x.com/solana/status/1213223793981739008,2020-01-04 03:51:07 IST,2020-01-03T22:21:07Z,"Here is the full recap video from our recent DeFi event with @MakerDAO, @chainlink, @0xProject, @hummingbot_io and more!   https://t.co/fsSzAmudsI",2,10,51,284491,link,data/CrypTop12-main/tweet/raw/link/2020-01-04.json
SOL,Raj Gokal,rajgokal,1241914276123557889,https://x.com/rajgokal/status/1241914276123557889,2020-03-23 07:56:51 IST,2020-03-23T02:26:51Z,This is a big one. Can't wait to see next-gen financial systems get built with this @solana @Chainlink integration,0,1,33,13048,link,data/CrypTop12-main/tweet/raw/link/2020-03-23.json
SOL,Solana official,solana,1241915418433867782,https://x.com/solana/status/1241915418433867782,2020-03-23 08:01:24 IST,2020-03-23T02:31:24Z,".@Chainlink is bringing high-quality, high-speed price oracle data to Solana! Get to building, yall. The future of #DeFi  awaits.",3,25,117,-1,link,data/CrypTop12-main/tweet/raw/link/2020-03-23.json
SOL,Solana official,solana,1242135337956077582,https://x.com/solana/status/1242135337956077582,2020-03-23 22:35:16 IST,2020-03-23T17:05:16Z,Thanks @cryptonewszcom for the great coverage of our partnership announcement with @chainlink.  We are excited for #Chainlink to bring high-quality &amp; high-speed oracle data to Solana! This partnership is going to revolutionize DeFi as we know it.     https://t.co/bmR38L57HY,0,3,23,285062,link,data/CrypTop12-main/tweet/raw/link/2020-03-23.json
SOL,Solana official,solana,1247401781895680006,https://x.com/solana/status/1247401781895680006,2020-04-07 11:22:15 IST,2020-04-07T05:52:15Z,"Binance will list Solana (SOL) and open trading for SOL/BNB, SOL/BTC and SOL/BUSD trading pairs at 2020/04/09 4:00 AM (UTC). Users can now start depositing SOL in preparation for trading.     https://t.co/KssrNzq7JX",727,4297,4905,302482,bnb;btc,data/CrypTop12-main/tweet/raw/bnb/2020-04-07.json;data/CrypTop12-main/tweet/raw/btc/2020-04-07.json
SOL,Solana official,solana,1248462326581227523,https://x.com/solana/status/1248462326581227523,2020-04-10 09:36:28 IST,2020-04-10T04:06:28Z,"SOL/BNB, SOL/BTC, and SOL/BUSD trading pairs are now live on @binance 🔥   https://t.co/5aBM7UBYwv",36,25,93,302482,bnb;btc,data/CrypTop12-main/tweet/raw/bnb/2020-04-10.json;data/CrypTop12-main/tweet/raw/btc/2020-04-10.json
SOL,Solana official,solana,1249027641102852101,https://x.com/solana/status/1249027641102852101,2020-04-11 23:02:50 IST,2020-04-11T17:32:50Z,$SOL is the leading #btc trading pair on @binance right now  https://t.co/HovvwlAiF9,44,26,166,-1,btc,data/CrypTop12-main/tweet/raw/btc/2020-04-11.json
SOL,Solana official,solana,1249724531897319428,https://x.com/solana/status/1249724531897319428,2020-04-13 21:12:01 IST,2020-04-13T15:42:01Z,Learn more about how @chainlink is bringing high-quality &amp; high-speed price oracle data to the Solana network   https://t.co/i9vuQSh2Wg,15,118,404,-1,link,data/CrypTop12-main/tweet/raw/link/2020-04-13.json
SOL,Anatoly Yakovenko,aeyakovenko,,,2020-05-13 14:41:53 -800,2020-05-13T22:41:53Z,"Solana mainnet just passed ethereum in block count, and hit a huge milestone, over 10 million blocks!   https://t.co/aiIWBg1j78 Some fun stats: * Slot: 10,840,580 * Block: 10,503,497 * MAX tps: 1155 * Mean: 162 * 585,084,760 transactions processed! * 25 epochs - 50 days of uptime!",,,33,,sol,data/crypto_sentiment_tweets
SOL,Anatoly Yakovenko,aeyakovenko,,,2020-05-28 21:50:39 -800,2020-05-29T05:50:39Z,"The irony is that almost all of those VCs that funded eth competitors were created by the eth bull run.  Eth ""killer"" or ""friend"" is lame.  We are competing. Competition breeds excellence. Only the strongest can free the 🌎 from the🧛‍♂️🦑",,,35,,sol,data/crypto_sentiment_tweets
SOL,Anatoly Yakovenko,aeyakovenko,,,2020-06-05 6:21:37 -800,2020-06-05T14:21:37Z,"@kaiynne The whole ""killers"" thing is super lame.  We are all competitors. Even the dapps that are succeeding on eth are competing with eth. It's not a big deal. Competition pushes everyone to excellence. Only the best will have a chance against the 🧛‍♀️🦑",,,20,,sol,data/crypto_sentiment_tweets
SOL,Anatoly Yakovenko,aeyakovenko,,,2020-06-22 11:51:03 -800,2020-06-22T19:51:03Z,Fundamental difference between @solana and @ethereum and eth2.  I believe that horizontally scaling the chain with silicon is the best path to optimize censorship resistant compute (cont),,,26,,sol,data/crypto_sentiment_tweets
SOL,Solana official,solana,1280692222090817537,https://x.com/solana/status/1280692222090817537,2020-07-08 08:06:34 IST,2020-07-08T02:36:34Z,"The Solana Foundation is excited to share that the SOL token will be listed on MXC at 3 AM UTC on Wednesday, July 8th! The initial trading pairs will be SOL/BTC and SOL/USDT. To thank our growing global community, Solana will be giving away ◎26,666.67   https://t.co/TmnBLekgcJ",203,1186,1431,329730,btc,data/CrypTop12-main/tweet/raw/btc/2020-07-08.json
SOL,Solana official,solana,1292530458429972481,https://x.com/solana/status/1292530458429972481,2020-08-10 00:07:30 IST,2020-08-09T18:37:30Z,".@solana and @chainlink will be hosting an AMA in the Solana Korean Telegram channel on August 12th, 7 PM KST. More info below 👇",2,59,184,286978,link,data/CrypTop12-main/tweet/raw/link/2020-08-10.json
SOL,Anatoly Yakovenko,aeyakovenko,,,2020-08-23 20:41:01 -800,2020-08-24T04:41:01Z,Some reasons why crypto may continue to grow beyond PoW/bitcoin.  PoW solved settlement counter party risk.  In a slow organic way grew a whole new industry of financial institutions that understand cryptography. (cont),,,41,,sol,data/crypto_sentiment_tweets
SOL,Solana official,solana,1304252208419147776,https://x.com/solana/status/1304252208419147776,2020-09-11 08:25:32 IST,2020-09-11T02:55:32Z,"“Given Tether is the lifeblood of DeFi and Ethereum network transaction costs have skyrocketed recently, a Solana-based USDt might enable greater DeFi adoption given a key bottleneck has been removed.” 🤔   https://t.co/dX1kfM5hTf",9,30,120,319959,eth,data/CrypTop12-main/tweet/raw/eth/2020-09-11.json
SOL,Solana official,solana,1306644088452648960,https://x.com/solana/status/1306644088452648960,2020-09-17 22:50:01 IST,2020-09-17T17:20:01Z,"The Solana community in the United States has been eagerly awaiting the chance to trade SOL on a US exchange, and now that day has come. SOL/USDT, SOL/USD, and SOL/BTC pairs are all open for trading on @ftx_us 🎉   https://t.co/7JjHlWLsn7",15,34,164,330301,btc,data/CrypTop12-main/tweet/raw/btc/2020-09-17.json
SOL,Anatoly Yakovenko,aeyakovenko,,,2020-09-21 17:55:54 -800,2020-09-22T01:55:54Z,"Anyone interested in running an @ethereum ORU on @solana? Not for a solana layer-2, for etheruem.  I think the ORU users can benefit from a fast rotating censorship resistant sequencer.",,,48,,sol,data/crypto_sentiment_tweets
SOL,Anatoly Yakovenko,aeyakovenko,,,2020-09-23 9:20:15 -800,2020-09-23T17:20:15Z,"Orthogonal solutions are often complimentary. @ethereum vision's millions Raspberry PIs split into shards, vs @solana 100,000+ single shard of SIMD accelerated nodes both offer a path to censorship resistance. Which is cool, despite us competing to create value for users.⚔️🧛‍♂️🦑",,,46,,sol,data/crypto_sentiment_tweets
SOL,Solana official,solana,1314190920024125440,https://x.com/solana/status/1314190920024125440,2020-10-08 18:38:26 IST,2020-10-08T13:08:26Z,"1) Announcing: Wormhole - a secure, trustless bridge connecting Ethereum to Solana. 🚀   https://t.co/FwGRRluAU5",49,198,580,319973,eth,data/CrypTop12-main/tweet/raw/eth/2020-10-08.json
SOL,Solana official,solana,1345146580152713217,https://x.com/solana/status/1345146580152713217,2021-01-02 04:45:10 IST,2021-01-01T23:15:10Z,"Episode #33 of The Solana Podcast featuring the Co-Founder of @chainlink, @SergeyNazarov, is now live.   https://t.co/d9cxxlLJuh",4,58,219,301927,link,data/CrypTop12-main/tweet/raw/link/2021-01-02.json
SOL,Solana official,solana,1356634731727699970,https://x.com/solana/status/1356634731727699970,2021-02-02 21:34:59 IST,2021-02-02T16:04:59Z,"3/ The event is supported by leading projects including @AaveAave, @SushiSwap, @circlepay, @Chainlink, @CoinGecko, and more. The overall DeFi ecosystem is looking forward to seeing what gets built in the following weeks! 🏗️  https://t.co/YVupHa2kKr",1,8,70,302052,link,data/CrypTop12-main/tweet/raw/link/2021-02-02.json
SOL,Anatoly Yakovenko,aeyakovenko,,,2021-02-03 10:23:11 -800,2021-02-03T18:23:11Z,"@ercwl .@solana is not an eth killer, is windows or plan9 a linux or BSD killer? They have overlapping features, but totally different success stories. The worst idea for Linux was to try to flip Windows/x86/desktop market, and the best success story x86/server and Android/arm/mobile.",,,28,,sol,data/crypto_sentiment_tweets
SOL,Solana official,solana,1357539833980153859,https://x.com/solana/status/1357539833980153859,2021-02-05 09:31:32 IST,2021-02-05T04:01:32Z,"1/ Interoperability is here, and it's just getting started. Wormhole - a cross-chain bridge between - Solana and Ethereum is now live on Mainnet Beta, with support for @terra_money to follow shortly.",9,90,325,321713,eth,data/CrypTop12-main/tweet/raw/eth/2021-02-05.json
SOL,Solana official,solana,1364673768082210816,https://x.com/solana/status/1364673768082210816,2021-02-25 01:59:15 IST,2021-02-24T20:29:15Z,Solana is thrilled to sponsor the @Chainlink Spring 2021 Hackathon!  Sign up today to build innovative DeFi products using @solana and Chainlink.  https://t.co/dhnYH9zJMQ,9,111,620,-1,link,data/CrypTop12-main/tweet/raw/link/2021-02-25.json
