tweet_id,text,signal,confidence,reason,ticker,username,created_at,retweets_count,likes_count,followers_count,replies_count,popularity_label,date,daily_predicted_signal,actual_signal,current_close,next_day_close,price_change,price_change_percent,tweet_result,daily_evaluation
1344785229354070018,I will give someone $100 in 24 hours. All you have to do is RT and be following me and @gokhshteinmedia - put your 🔔 on. 🙏  My goal is to get everyone into #crypto. Good luck!   The 🤴🏻.   #Bitcoin   $XRP $VET $ETH $VIDT #PAC $XLM $XDN $ZIL $eGLD $DOT,NEUTRAL,0.4,The tweet is a giveaway promotion and does not provide clear information about the next-day price direction of ETH.,ETH,davidgokhshtein,2021-01-01 04:49:18 IST,1523,1090,392207,957,HIGH_ATTENTION,2021-01-01,BUY,BUY,730.36756913,774.53496804,44.167398909999974,6.047283693416363,no_direction,correct
1344740593377939460,#Bitcoin is the new gold paradigm. Ether $ETH is the new oil paradigm. Crypto is the new decentralization paradigm that will eat the centralized world.,BUY,0.7,"The tweet compares ETH to oil and mentions it as a new paradigm, implying growth and adoption.",ETH,tyler,2021-01-01 01:51:56 IST,343,2542,776152,163,HIGH_ATTENTION,2021-01-01,BUY,BUY,730.36756913,774.53496804,44.167398909999974,6.047283693416363,aligned,correct
1344721683299627010,"HAPPY NEW YEAR.🥳🎉  This is a giveaway for my amazing fellow #Celsians.  Giving away $20 in #CEL #BTC #ETH, you choose!  To do:  - RT/♥️ - | 10% Bonus: tag a friend in comments |  Have an amazing 2021 Celsians.  ⏰24 hours⏰  https://t.co/znwLuU1fTg",NEUTRAL,0.4,The tweet is a giveaway and does not provide clear information about the next-day price direction of ETH.,ETH,buyingeverydip,2021-01-01 00:36:47 IST,577,683,1511,487,HIGH_ATTENTION,2021-01-01,BUY,BUY,730.36756913,774.53496804,44.167398909999974,6.047283693416363,no_direction,correct
1344775715993116675,A lot of financial advisors and “experts” must be having hard conversations with their clients right now....on why they “advised” them not to buy #Ether $ETH LOL,BUY,0.7,"The tweet implies that financial advisors and experts are having trouble explaining why clients shouldn't have bought ETH, which may indicate a shift in sentiment towards the Coin.",ETH,cameron,2021-01-01 04:11:30 IST,87,1057,544234,58,HIGH_ATTENTION,2021-01-01,BUY,BUY,730.36756913,774.53496804,44.167398909999974,6.047283693416363,aligned,correct
1344760425322323975,"12/31/20 UPDATE: Net Assets Under Management, Holdings per Share, and Market Price per Share for our Investment Products.  Total AUM: $20.2 billion  $BTC $BCH $ETH $ETC $ZEN $LTC $XLM $XRP $ZEC  https://t.co/YKb6T8htGx",NEUTRAL,0.4,The tweet is an update on Grayscale's investment products and does not provide clear information about the next-day price direction of ETH.,ETH,grayscale,2021-01-01 03:10:44 IST,138,620,380583,69,HIGH_ATTENTION,2021-01-01,BUY,BUY,730.36756913,774.53496804,44.167398909999974,6.047283693416363,no_direction,correct
1344786358422839297,"In the next alt season, there will be a lot of narratives for a new “ethereum killer”   There will be 0 narratives for a Bitcoin killer.   I’m not a maximalist, but keep this in mind.",BUY,0.7,"The tweet suggests that there will be a lot of narratives for an 'ethereum killer' in the next alt season, implying potential competition and pressure on ETH's market share.",ETH,altcoinpsycho,2021-01-01 04:53:47 IST,28,606,270934,57,HIGH_ATTENTION,2021-01-01,BUY,BUY,730.36756913,774.53496804,44.167398909999974,6.047283693416363,aligned,correct
1344792267337265153,Will $DOT overtake $ETH? Is one better than the other? I honestly haven’t done much research yet so am curious to hear from those who HAVE done the research. Comment your thoughts below 👇,NEUTRAL,0.4,The tweet is vague and lacks context to determine a next-day ETH price direction.,ETH,crediblecrypto,2021-01-01 05:17:16 IST,15,228,215880,78,HIGH_ATTENTION,2021-01-01,BUY,BUY,730.36756913,774.53496804,44.167398909999974,6.047283693416363,no_direction,correct
1344732701950173193,"My last NFT of 2020 🥳✨😍 Thank you @AsyncArt !!!!  Path of the Monolith  https://t.co/fWZoHZYc9O  The past, present and the future. I hope these Monoliths bring you what you are hoping for in 2021 🥰  #nft #rareart #digitalart #illustration #art #cryptoart #ethereum @AsyncArt  https://t.co/Sw8XknZ6It",NEUTRAL,0.4,"The tweet is about the creator's NFT and thanks AsyncArt, but lacks clear context or information that would affect ETH's price direction.",ETH,kristyglas,2021-01-01 01:20:34 IST,36,209,6507,30,HIGH_ATTENTION,2021-01-01,BUY,BUY,730.36756913,774.53496804,44.167398909999974,6.047283693416363,no_direction,correct
1344779258074304512,I’ve paid so much money in funding on this $ETH long that I demand a tour of the @FTX_Official headquarters from @SBF_Alameda if it doesn’t break out immediately.,BUY,0.7,"The tweet contains a bullish sentiment from a trader who has taken a significant long position in ETH and is demanding a tour of the exchange headquarters if it doesn't break out immediately, indicating high expectations for price movement.",ETH,tradermayne,2021-01-01 04:25:34 IST,7,300,181168,16,HIGH_ATTENTION,2021-01-01,BUY,BUY,730.36756913,774.53496804,44.167398909999974,6.047283693416363,aligned,correct
1344737879583551491,Bad news: I have an $ETH position that’s not nearly as green as it should be.  Good news: I have a fat $DOT bag that’s ripping on all pairings.,NEUTRAL,0.4,"The tweet mentions ETH in a negative context but also promotes DOT, making it unclear how this affects ETH's next-day price direction.",ETH,lomahcrypto,2021-01-01 01:41:09 IST,3,296,182414,10,HIGH_ATTENTION,2021-01-01,BUY,BUY,730.36756913,774.53496804,44.167398909999974,6.047283693416363,no_direction,correct
1344777824960458752,"We will one day look back on Ethereum as a series of historical ""epochs"" 😏:  2015: Wow, it works 2016-2019: ICOs + Didn't get ""killed"" 2020-2023: Rise of DeFi, token-governance, NFTs, PoS, &amp; Scaling  2023-2026: Corporation &amp; gov't on-boarding + Ungoverned cypherpunk app era",NEUTRAL,0.4,The tweet is vague and lacks context to determine a clear next-day ETH price direction.,ETH,iamdcinvestor,2021-01-01 04:19:52 IST,21,178,61593,9,NORMAL,2021-01-01,BUY,BUY,730.36756913,774.53496804,44.167398909999974,6.047283693416363,no_direction,correct
1344767369147777024,"Happy new year! 1st January 2021!  This year I will market buy as much $ETH as possible, just to pump your bags.   Hope everyone has a blessed 2021!   Love you all! 🤍",BUY,0.7,"The user has expressed a clear intention to 'pump' the bags of $ETH by buying it, which is a bullish sentiment.",ETH,thecryptocactus,2021-01-01 03:38:20 IST,6,196,45685,3,NORMAL,2021-01-01,BUY,BUY,730.36756913,774.53496804,44.167398909999974,6.047283693416363,aligned,correct
1344731918424825857,"Tried to tokenize this👇 artwork this morning: $58,70 fees. Tried again 10 minutes ago: $26,56 fees.  I’m seriously tired of #Ethereum gas price…   From now on and until I can mint on #Tezos, I will tokenize only on request.. DM me if interested.  #cryptoart  https://t.co/yqZMYNIr2M",NEUTRAL,0.4,"The tweet mentions Ethereum gas prices as a problem and expresses frustration, but does not provide clear bullish or bearish information for the next-day ETH price direction.",ETH,maikeulmaikeul,2021-01-01 01:17:27 IST,27,96,5277,14,NORMAL,2021-01-01,BUY,BUY,730.36756913,774.53496804,44.167398909999974,6.047283693416363,no_direction,correct
