text,signal,confidence,reason,ticker
"Crazy that $PRIME is going to >$1B market cap at the next cycle top as the “ $AXS of this cycle” and you still don’t own any anon. 

$75-100 exit or bust bitch.",BUY,0.8,"The tweet suggests strong bullish sentiment towards $PRIME, comparing it to the successful token AXS and mentioning a potential market cap of over $1 billion.",$PRIME
"Crazy part is, a lot of what I have been trading is still up..

$MATIC",BUY,0.8,"The user is expressing positive sentiment towards their past trades being up, specifically mentioning $MATIC",$MATIC
"$AVAX

Stacking on support..",BUY,0.8,"The user is indicating accumulation of AVAX near support, suggesting a potential buy opportunity.",AVAX
"$SOL

LFG!!",BUY,0.8,The user's enthusiastic language ('LFG!!') and the mention of $SOL in a positive context suggests they are bullish on Solana.,SOL
$INJ - Twitter been super bullish on this one and this is the first real pullback since the bottom. Buying the daily re-touch of the supertrend support. Close below and I'll sell.,BUY,0.7,"The user is buying the dip after a pullback from an uptrend, indicating a bullish sentiment.",$INJ
$BONK looks ready to get sent,SELL,0.8,"The tweet suggests a bearish sentiment for $BONK, implying the user expects its price to decrease.",DOGE
"$BTC

When you zoom out, all good

And we burned off that much needed RSI",BUY,0.8,"The tweet suggests that the author is optimistic about the short-term future of Bitcoin, mentioning that when you zoom out 'all good'. Additionally, they mention burning off RSI (Relative Strength Index), which implies a potential relief rally or a bounce back in price.",BTC
$MATIC,BUY,0.8,"MATIC is being mentioned in a tweet, which could indicate interest and potential buying activity",MATIC
RT @BigChonis: $BTC - quick video update on #bitcoin,BUY,0.8,"The user, BigChonis, is likely a well-known and respected voice in the cryptocurrency community, indicating that the update may be positive.",BTC
"25E buy from a $2M wallet 

Few 10E buys earlier from similar whale wallets too 

All time high within touching distance… 

$200M is programmed 

$PAAL",BUY,0.8,"High-value buy transactions from whale wallets, all-time high within touching distance, and a programmed $200M valuation suggest bullish sentiment.",$PAAL
"0-56 days now 

One day you wake up, and you see the headline $btc etf approved

> [@Pentosh1](https://twitter.com/Pentosh1):
> In theory January 10th would be the last day. Right now the ETF experts have the odds at 90% for approval and believe it will end up having all approved at the same time. The decision for approval can come before the date. It’s just the latest date is 84 days away for $btc",BUY,0.8,"$BTC ETF approval odds are high (90%) and expected soon, potentially as early as January 10th.",BTC
$gft #gft,BUY,0.7,"Short-ticker symbol tweet often indicates speculation or hype around a particular asset, and $GFT is not a well-known ticker. This could be indicative of a potential pump.",DOGE
$SOL getting ready for the move to $60+,BUY,0.8,"The tweet implies a strong bullish sentiment and a specific price target ($60+), indicating the author is expecting an upward trend in SOL's value.",SOL
Now that fake Su Zhu sold his $ATOR bags it looks like it’s ready now $2+ soon,BUY,0.7,Bullish sentiment towards $ATOR with a prediction of price increase to $2+,$ATOR
"I don’t think you realize how big #0X0 will be for the next alt cycle. Look into the narrative and get back to me sidelinoooooors.

> [@CryptoHass](https://twitter.com/CryptoHass):
> Still in Beta and still eating fat rewards #0x0 🔥 you still have a chance to get in under .1 and less than a $100M market cap. Make it happen 🤝",BUY,0.8,"The tweet implies that the author believes #0X0 has strong potential for growth, with phrases like 'big' and 'narrative'. The response from @CryptoHass also suggests a bullish sentiment, mentioning 'fat rewards', low market cap, and encouraging others to invest.",0X0
Whatever happened to those $HEX cultist?,NEUTRAL,0.2,The tweet appears to be a sarcastic comment and does not contain any clear indication of a buy or sell signal.,HEX
"$BONK negative funding.

Shorts go to horny jail.",BUY,0.8,"The tweet is indicating a negative funding rate for $BONK, which suggests that the market is bearish and may be due for a reversal. The lighthearted tone of 'Shorts go to horny jail' also implies a bullish sentiment from the author, further supporting a buy signal.",DOGE
"Entered a tight stop scalp short on #BTC, managing my risk.",SELL,0.7,"The user has entered a short position on BTC, indicating they expect the price to decrease.",BTC
"RT @CryptoJelleNL: If #Bitcoin can hold this area and close the day above it - I'd be fairly confident the bottom is in.

Great structural…",BUY,0.8,"The tweet suggests a potential reversal in the Bitcoin price, indicating that the analyst believes the bottom is in if it holds above a certain area.",BTC
#gas $gas take partial profit from 7% onwards and trail $L,BUY,0.8,"Partial profit taking and trailing L indicates a bullish sentiment on gas price, suggesting a buy signal.",$gas
"When I say $SOL doesn't give a fuck, I mean it does not give a fuck.

Bullish engulfing candle on the daily.",BUY,0.8,"The tweet contains a bullish indicator (bullish engulfing candle) and a strong bullish tone, indicating the author's optimism about SOL.",SOL
"Shorts got bonked

> [@Captain_Kole1](https://twitter.com/Captain_Kole1):
> $BONK negative funding.
> 
> Shorts go to horny jail.",BUY,0.8,"The tweet suggests that the shorts are being squeezed and the market sentiment is turning in favor of the bulls, indicated by the phrase 'shorts got bonked' and 'horny jail'. This could be a sign of an upward price movement.",DOGE
"Read this once @citadelswap $fort

> [@CryptoNoan](https://twitter.com/CryptoNoan):
> Treasure Hunt Series - CitadelSwap
> 
> The #BASE network is booming with a TVL of around $300 million. To fuel this growth top-notch infrastructure is required.
> 
> 🔍 Discovered @citadelswap - a promising project with an upcoming token launch!
> 
> ▫️Stay tuned for a deep dive
> 
> Repost 👇",BUY,0.8,"The tweet is promoting a promising project with an upcoming token launch, indicating potential growth and interest in the CitadelSwap token ($fort)",FORT
"Double top visible on 4h n above
Positive funding
Favours bears
But meme - high risk - max 2%
#bonk $bonk

> [@Ewex00](https://twitter.com/Ewex00):
> @CryptoNoan 
> 
> $1000BONK Short at CMP?",SELL,0.8,"Double top formation on the 4-hour chart and positive funding for bears, indicating a potential short opportunity.",$BONK
$FET here is the obstacle he must overcome to go straight to the moon,BUY,0.7,"The tweet is a bullish sentiment towards FET, comparing its potential to the moon, which suggests a positive outlook and increased price expectations.",FET
"$LDO is going to turbo send imo.

there's only so many SR flips we can do before it just marks up and leaves those prior highs in the dust.

defo targeting all time highs, no doubt in my mind.

trading this on bybit👇
https://t.co/zHX9WYRMOM",BUY,0.8,"The tweet suggests a strong bullish sentiment with phrases such as 'turbo send', 'all time highs', and confidence in the price target.",$LDO
"Nite killed it with $ator . 

He threadoorred it to $2 lol 

Gg Ator community!

> [@Teaching_Crypto](https://twitter.com/Teaching_Crypto):
> $Ator | @atorprotocol 
> 
> $2 smashed 🔥",BUY,0.9,"Positive sentiment and price appreciation mentioned ($2 smashed). The tweet suggests a successful event or outcome for $Ator, indicating potential growth in the project's value.",$ATOR
"Flip line and confirm $KAVA 

> [@eliz883](https://twitter.com/eliz883):
> $KAVA pair btc bottom is  in",BUY,0.8,"Confirmation from a known source (@eliz883) on the flip line for $KAVA, suggesting potential price increase.",$KAVA
Loaded $WNT here at mid range 🎯,BUY,0.7,"Indicates a bullish sentiment by the user, suggesting they have loaded $WNT at what they consider to be a favorable price.",$WNT
"Update $ETH 

> [@eliz883](https://twitter.com/eliz883):
> My ideal scenario waiting 0.5 zone 1940 area",NEUTRAL,0.5,The user is referencing a specific price zone (1940 area) but does not explicitly state their opinion on the direction of the trend or if they are bullish or bearish.,ETH
RT @tanoeth: $GMX is going to print me a few $ETH this week.,BUY,0.8,"Strong bullish sentiment from a prominent user (@tanoeth) implies high confidence in the success of $GMX's operation, which is likely to benefit holders of Ethereum ($ETH). The tone suggests a near-term price increase.",
dips is gift $DYDX,BUY,0.8,"The tweet suggests that dips in $DYDX are seen as opportunities, indicating a bullish sentiment and willingness to buy on price drops.",DYDX
"#Bitcoin Not the worst looking chart.

Bulls need to hold the range low and this would look just fine.",BUY,0.7,"The tweet indicates a positive outlook on the Bitcoin chart, suggesting that bulls need to hold the range low for it to 'look just fine'. This implies a bullish sentiment and confidence in the market's upward momentum.",BTC
"If #Bitcoin can hold these prices -- we're looking at an aggressive sell-off that failed to break any key levels.

Sell pressure gets absorbed, strong bull market sign if we go up from here.",BUY,0.8,"The tweet suggests that the sell pressure is being absorbed, which could be a strong bull market sign. The mention of 'aggressive sell-off failed to break any key levels' implies that the current price level has some support.",BTC
"Pretty sure this is going to break into new ATHs before Christmas.

Man, $INJ looks good.",BUY,0.7,Positive sentiment towards $INJ breaking into new ATHs before Christmas implies a bullish outlook.,$INJ
"When the bull market gets underway, demand for lending will skyrocket.

Chart looks poised for upside too; $CRV should be a comfy hold from here.",BUY,0.8,"The tweet suggests that the market is poised for an upside and mentions a specific ticker ($CRV) that looks like it should be held, indicating a bullish sentiment.",$CRV
"#Bitcoin is still following the rough expectations I set out 3 months ago.

Expecting a slower grind up from here, slowly making our way toward $48,000.

Altcoins should continue to do well in the meantime.",BUY,0.8,"Expectation of a slow grind up to $48,000 indicates potential long-term bullish sentiment for Bitcoin, which may attract investors to altcoins as well.",BTC
"It's still early, but as it stands it looks like #Bitcoin is flipping yet another weekly level into support.",BUY,0.7,"The tweet indicates a positive sentiment on Bitcoin's price action, with the author suggesting that the cryptocurrency is flipping a weekly level into support.",BTC
"My expectation has been that $ETH/BTC will retrace the entire Spot ETF Filing move.

It's nice in the long run but with a #Bitcoin Spot ETF looming I think that will drive ETH/BTC back down before bouncing.

For ETH/BTC to go down, it would likely be paired with upside on BTC and…",SELL,0.7,"The author is predicting a retrace of the $ETH/BTC price movement in anticipation of a Bitcoin Spot ETF, suggesting a potential short-term sell signal for ETH.",ETH
"RT @CryptoNoanGemz: #BRIDGING 👇

To Bridge $ETH from Arbitrum, follow these steps:

▫️ Go to https://t.co/efzztZZmQ1
▫️ Connect your wallet…",BUY,0.8,"The tweet appears to be a instructional guide on how to transfer Ethereum from Arbitrum, which suggests that the user is trying to move their ETH to a new platform or use case.",ETH
"Leverage trading with funds from your web3 wallet?

Now that STIP funds have been claimed GMX trading incentives are live. 

Receive 75% of the open fees airdropped back in ARB. 

Meaning there is a trading fee of 0.0175%. 

$GMX",BUY,0.8,"The tweet suggests a new incentive from GMX, which could attract more users and increase trading volume. The mention of airdropped fees also implies a positive development for the project.",$GMX
"2x hit $TVK ...but i think more in next weeks

> [@eliz883](https://twitter.com/eliz883):
> Add $TVK on my spot bag ,nice deviation after close above daily",BUY,0.7,"User eliz883 adds TVK to their spot bag and mentions deviation after closing above daily, indicating potential short-term increase in price.",$TVK
"Best trade of the day, how much you made? #grok $grok?

> [@CryptoNoan](https://twitter.com/CryptoNoan):
> I think meme community will take over this coin $grok $grok 
> 
> Buy tip if you can handle rip",BUYSIGNAL,0.6,"Mention of 'meme community' and potential for price increase, but also note of 'rip', indicating risk.",$GROK
"RT @CryptoJelleNL: If #Bitcoin can hold this area and close the day above it - I'd be fairly confident the bottom is in.

Great structural…",BUYN,0.6,"Bitcoin is being held above a key area by CryptoJelleNL, indicating potential strength and possible end of the downtrend.",BTC
"RT @CryptoJelleNL: Dips are an inevitable part of #Bitcoin bull markets. 

They pull back just deep enough to get you to panic sell, and th…",BUY,0.8,"The tweet is referencing the natural fluctuation of Bitcoin's price during a bull market, implying that dips are temporary and not a reason to panic sell.",BTC
"RT @CryptoBullet1: $MAV is breaking out 👀 📈

T1 - $0.38
T2 - $0.50
T3 - $0.58

_
Trade with me here ➡️ https://t.co/tIisM9pa4C

🔥 Up to 30,…",BUY,0.8,The tweet indicates a bullish sentiment with the phrase 'breaking out' and 'Up to 30...' suggesting an expectation of price increase.,$MAV
$ETH what a perfection 4% up,BUY,0.6,"Strongly bullish sentiment from a prominent Twitter account, suggesting optimism and encouragement to buy $ETH.",ETH
"Of course, the biggest rippers are the ones that I’m trading 😀

they were lining up…

$AVAX",BUY,0.8,"The user is expressing optimism and a sense of excitement about the price of $AVAX, suggesting that they are expecting it to rise.",$AVAX
"$SOL

Booooooooooooom",BUY,0.8,"The use of a loud, excited tone ('Booooooooooooom') suggests strong enthusiasm and optimism for the SOL price. This sentiment can often be followed by a short-term increase in price.",SOL
"$FET

Nailed the local bottom on this one",BUY,0.8,"User explicitly stated they 'nailed the local bottom' on FET, indicating a bullish sentiment and expectation of price increase.",FET
