coin,minutes_after_tweet,source_row_number,created_at_utc,username,signal,confidence,impact_strength,start_minute_utc,target_minute_utc,start_price,target_price,price_change,price_change_rate,is_price_flat,is_prediction_correct
TRUMP,1,83964,2025-01-18 17:35:09+00:00,realDonaldTrump,BUY,0.7,4,2025-01-18 17:36:00+00:00,2025-01-18 17:37:00+00:00,,,,,,
TRUMP,3,83964,2025-01-18 17:35:09+00:00,realDonaldTrump,BUY,0.7,4,2025-01-18 17:36:00+00:00,2025-01-18 17:39:00+00:00,,,,,,
TRUMP,5,83964,2025-01-18 17:35:09+00:00,realDonaldTrump,BUY,0.7,4,2025-01-18 17:36:00+00:00,2025-01-18 17:41:00+00:00,,,,,,
TRUMP,10,83964,2025-01-18 17:35:09+00:00,realDonaldTrump,BUY,0.7,4,2025-01-18 17:36:00+00:00,2025-01-18 17:46:00+00:00,,,,,,
TRUMP,15,83964,2025-01-18 17:35:09+00:00,realDonaldTrump,BUY,0.7,4,2025-01-18 17:36:00+00:00,2025-01-18 17:51:00+00:00,,,,,,
TRUMP,30,83964,2025-01-18 17:35:09+00:00,realDonaldTrump,BUY,0.7,4,2025-01-18 17:36:00+00:00,2025-01-18 18:06:00+00:00,,,,,,
TRUMP,60,83964,2025-01-18 17:35:09+00:00,realDonaldTrump,BUY,0.7,4,2025-01-18 17:36:00+00:00,2025-01-18 18:36:00+00:00,,,,,,
TRUMP,120,83964,2025-01-18 17:35:09+00:00,realDonaldTrump,BUY,0.7,4,2025-01-18 17:36:00+00:00,2025-01-18 19:36:00+00:00,,,,,,
TRUMP,360,83964,2025-01-18 17:35:09+00:00,realDonaldTrump,BUY,0.7,4,2025-01-18 17:36:00+00:00,2025-01-18 23:36:00+00:00,,,,,,
TRUMP,720,83964,2025-01-18 17:35:09+00:00,realDonaldTrump,BUY,0.7,4,2025-01-18 17:36:00+00:00,2025-01-19 05:36:00+00:00,,,,,,
TRUMP,1440,83964,2025-01-18 17:35:09+00:00,realDonaldTrump,BUY,0.7,4,2025-01-18 17:36:00+00:00,2025-01-19 17:36:00+00:00,,64.72,,,,
TRUMP,1,84143,2025-01-29 05:34:34+00:00,realDonaldTrump,BUY,0.6,4,2025-01-29 05:35:00+00:00,2025-01-29 05:36:00+00:00,27.57,27.54,-0.030000000000001137,-0.0010881392818281152,False,False
TRUMP,3,84143,2025-01-29 05:34:34+00:00,realDonaldTrump,BUY,0.6,4,2025-01-29 05:35:00+00:00,2025-01-29 05:38:00+00:00,27.57,27.57,0.0,0.0,True,
TRUMP,5,84143,2025-01-29 05:34:34+00:00,realDonaldTrump,BUY,0.6,4,2025-01-29 05:35:00+00:00,2025-01-29 05:40:00+00:00,27.57,27.58,0.00999999999999801,0.00036271309394261917,False,True
TRUMP,10,84143,2025-01-29 05:34:34+00:00,realDonaldTrump,BUY,0.6,4,2025-01-29 05:35:00+00:00,2025-01-29 05:45:00+00:00,27.57,27.5,-0.07000000000000028,-0.0025389916575988495,False,False
TRUMP,15,84143,2025-01-29 05:34:34+00:00,realDonaldTrump,BUY,0.6,4,2025-01-29 05:35:00+00:00,2025-01-29 05:50:00+00:00,27.57,27.57,0.0,0.0,True,
TRUMP,30,84143,2025-01-29 05:34:34+00:00,realDonaldTrump,BUY,0.6,4,2025-01-29 05:35:00+00:00,2025-01-29 06:05:00+00:00,27.57,27.91,0.33999999999999986,0.0123322451940515,False,True
TRUMP,60,84143,2025-01-29 05:34:34+00:00,realDonaldTrump,BUY,0.6,4,2025-01-29 05:35:00+00:00,2025-01-29 06:35:00+00:00,27.57,28.13,0.5599999999999987,0.020311933260790668,False,True
TRUMP,120,84143,2025-01-29 05:34:34+00:00,realDonaldTrump,BUY,0.6,4,2025-01-29 05:35:00+00:00,2025-01-29 07:35:00+00:00,27.57,27.84,0.2699999999999996,0.00979325353645265,False,True
TRUMP,360,84143,2025-01-29 05:34:34+00:00,realDonaldTrump,BUY,0.6,4,2025-01-29 05:35:00+00:00,2025-01-29 11:35:00+00:00,27.57,27.62,0.05000000000000071,0.0018135654697134824,False,True
TRUMP,720,84143,2025-01-29 05:34:34+00:00,realDonaldTrump,BUY,0.6,4,2025-01-29 05:35:00+00:00,2025-01-29 17:35:00+00:00,27.57,27.48,-0.08999999999999986,-0.003264417845484217,False,False
TRUMP,1440,84143,2025-01-29 05:34:34+00:00,realDonaldTrump,BUY,0.6,4,2025-01-29 05:35:00+00:00,2025-01-30 05:35:00+00:00,27.57,27.64,0.07000000000000028,0.0025389916575988495,False,True
TRUMP,1,84175,2025-01-31 16:31:25+00:00,realDonaldTrump,BUY,0.8,5,2025-01-31 16:32:00+00:00,2025-01-31 16:33:00+00:00,26.25,26.23,-0.019999999999999574,-0.0007619047619047457,False,False
TRUMP,3,84175,2025-01-31 16:31:25+00:00,realDonaldTrump,BUY,0.8,5,2025-01-31 16:32:00+00:00,2025-01-31 16:35:00+00:00,26.25,26.16,-0.08999999999999986,-0.003428571428571423,False,False
TRUMP,5,84175,2025-01-31 16:31:25+00:00,realDonaldTrump,BUY,0.8,5,2025-01-31 16:32:00+00:00,2025-01-31 16:37:00+00:00,26.25,26.12,-0.129999999999999,-0.004952380952380915,False,False
TRUMP,10,84175,2025-01-31 16:31:25+00:00,realDonaldTrump,BUY,0.8,5,2025-01-31 16:32:00+00:00,2025-01-31 16:42:00+00:00,26.25,26.17,-0.0799999999999983,-0.0030476190476189827,False,False
TRUMP,15,84175,2025-01-31 16:31:25+00:00,realDonaldTrump,BUY,0.8,5,2025-01-31 16:32:00+00:00,2025-01-31 16:47:00+00:00,26.25,26.11,-0.14000000000000057,-0.005333333333333355,False,False
TRUMP,30,84175,2025-01-31 16:31:25+00:00,realDonaldTrump,BUY,0.8,5,2025-01-31 16:32:00+00:00,2025-01-31 17:02:00+00:00,26.25,25.99,-0.26000000000000156,-0.009904761904761965,False,False
TRUMP,60,84175,2025-01-31 16:31:25+00:00,realDonaldTrump,BUY,0.8,5,2025-01-31 16:32:00+00:00,2025-01-31 17:32:00+00:00,26.25,25.98,-0.2699999999999996,-0.01028571428571427,False,False
TRUMP,120,84175,2025-01-31 16:31:25+00:00,realDonaldTrump,BUY,0.8,5,2025-01-31 16:32:00+00:00,2025-01-31 18:32:00+00:00,26.25,25.44,-0.8099999999999987,-0.03085714285714281,False,False
TRUMP,360,84175,2025-01-31 16:31:25+00:00,realDonaldTrump,BUY,0.8,5,2025-01-31 16:32:00+00:00,2025-01-31 22:32:00+00:00,26.25,24.87,-1.379999999999999,-0.05257142857142853,False,False
TRUMP,720,84175,2025-01-31 16:31:25+00:00,realDonaldTrump,BUY,0.8,5,2025-01-31 16:32:00+00:00,2025-02-01 04:32:00+00:00,26.25,24.29,-1.9600000000000009,-0.0746666666666667,False,False
TRUMP,1440,84175,2025-01-31 16:31:25+00:00,realDonaldTrump,BUY,0.8,5,2025-01-31 16:32:00+00:00,2025-02-01 16:32:00+00:00,26.25,22.42,-3.8299999999999983,-0.14590476190476184,False,False
TRUMP,1,84370,2025-02-11 13:35:23+00:00,realDonaldTrump,SELL,0.9,5,2025-02-11 13:36:00+00:00,2025-02-11 13:37:00+00:00,15.79,15.81,0.02000000000000135,0.0012666244458518906,False,False
TRUMP,3,84370,2025-02-11 13:35:23+00:00,realDonaldTrump,SELL,0.9,5,2025-02-11 13:36:00+00:00,2025-02-11 13:39:00+00:00,15.79,15.84,0.05000000000000071,0.0031665611146295576,False,False
TRUMP,5,84370,2025-02-11 13:35:23+00:00,realDonaldTrump,SELL,0.9,5,2025-02-11 13:36:00+00:00,2025-02-11 13:41:00+00:00,15.79,15.83,0.040000000000000924,0.0025332488917036685,False,False
TRUMP,10,84370,2025-02-11 13:35:23+00:00,realDonaldTrump,SELL,0.9,5,2025-02-11 13:36:00+00:00,2025-02-11 13:46:00+00:00,15.79,15.74,-0.049999999999998934,-0.003166561114629445,False,True
TRUMP,15,84370,2025-02-11 13:35:23+00:00,realDonaldTrump,SELL,0.9,5,2025-02-11 13:36:00+00:00,2025-02-11 13:51:00+00:00,15.79,15.61,-0.17999999999999972,-0.011399620012666227,False,True
TRUMP,30,84370,2025-02-11 13:35:23+00:00,realDonaldTrump,SELL,0.9,5,2025-02-11 13:36:00+00:00,2025-02-11 14:06:00+00:00,15.79,15.67,-0.11999999999999922,-0.007599746675110781,False,True
TRUMP,60,84370,2025-02-11 13:35:23+00:00,realDonaldTrump,SELL,0.9,5,2025-02-11 13:36:00+00:00,2025-02-11 14:36:00+00:00,15.79,15.66,-0.129999999999999,-0.008233058898036669,False,True
TRUMP,120,84370,2025-02-11 13:35:23+00:00,realDonaldTrump,SELL,0.9,5,2025-02-11 13:36:00+00:00,2025-02-11 15:36:00+00:00,15.79,15.77,-0.019999999999999574,-0.001266624445851778,False,True
TRUMP,360,84370,2025-02-11 13:35:23+00:00,realDonaldTrump,SELL,0.9,5,2025-02-11 13:36:00+00:00,2025-02-11 19:36:00+00:00,15.79,15.32,-0.46999999999999886,-0.029765674477517344,False,True
TRUMP,720,84370,2025-02-11 13:35:23+00:00,realDonaldTrump,SELL,0.9,5,2025-02-11 13:36:00+00:00,2025-02-12 01:36:00+00:00,15.79,15.4,-0.3899999999999988,-0.02469917669411012,False,True
TRUMP,1440,84370,2025-02-11 13:35:23+00:00,realDonaldTrump,SELL,0.9,5,2025-02-11 13:36:00+00:00,2025-02-12 13:36:00+00:00,15.79,14.85,-0.9399999999999995,-0.059531348955034806,False,True
TRUMP,1,84372,2025-02-11 15:12:30+00:00,realDonaldTrump,BUY,0.7,4,2025-02-11 15:13:00+00:00,2025-02-11 15:14:00+00:00,15.71,15.71,0.0,0.0,True,
TRUMP,3,84372,2025-02-11 15:12:30+00:00,realDonaldTrump,BUY,0.7,4,2025-02-11 15:13:00+00:00,2025-02-11 15:16:00+00:00,15.71,15.75,0.03999999999999915,0.002546148949713504,False,True
TRUMP,5,84372,2025-02-11 15:12:30+00:00,realDonaldTrump,BUY,0.7,4,2025-02-11 15:13:00+00:00,2025-02-11 15:18:00+00:00,15.71,15.83,0.11999999999999922,0.007638446849140624,False,True
TRUMP,10,84372,2025-02-11 15:12:30+00:00,realDonaldTrump,BUY,0.7,4,2025-02-11 15:13:00+00:00,2025-02-11 15:23:00+00:00,15.71,15.79,0.0799999999999983,0.005092297899427008,False,True
TRUMP,15,84372,2025-02-11 15:12:30+00:00,realDonaldTrump,BUY,0.7,4,2025-02-11 15:13:00+00:00,2025-02-11 15:28:00+00:00,15.71,15.78,0.06999999999999851,0.004455760661998632,False,True
TRUMP,30,84372,2025-02-11 15:12:30+00:00,realDonaldTrump,BUY,0.7,4,2025-02-11 15:13:00+00:00,2025-02-11 15:43:00+00:00,15.71,15.76,0.049999999999998934,0.00318268618714188,False,True
TRUMP,60,84372,2025-02-11 15:12:30+00:00,realDonaldTrump,BUY,0.7,4,2025-02-11 15:13:00+00:00,2025-02-11 16:13:00+00:00,15.71,15.79,0.0799999999999983,0.005092297899427008,False,True
TRUMP,120,84372,2025-02-11 15:12:30+00:00,realDonaldTrump,BUY,0.7,4,2025-02-11 15:13:00+00:00,2025-02-11 17:13:00+00:00,15.71,15.5,-0.21000000000000085,-0.013367281985996234,False,False
TRUMP,360,84372,2025-02-11 15:12:30+00:00,realDonaldTrump,BUY,0.7,4,2025-02-11 15:13:00+00:00,2025-02-11 21:13:00+00:00,15.71,15.38,-0.33000000000000007,-0.02100572883513686,False,False
TRUMP,720,84372,2025-02-11 15:12:30+00:00,realDonaldTrump,BUY,0.7,4,2025-02-11 15:13:00+00:00,2025-02-12 03:13:00+00:00,15.71,15.1,-0.6100000000000012,-0.03882877148313184,False,False
TRUMP,1440,84372,2025-02-11 15:12:30+00:00,realDonaldTrump,BUY,0.7,4,2025-02-11 15:13:00+00:00,2025-02-12 15:13:00+00:00,15.71,14.68,-1.0300000000000011,-0.06556333545512419,False,False
TRUMP,1,84389,2025-02-12 13:12:16+00:00,realDonaldTrump,BUY,0.7,4,2025-02-12 13:13:00+00:00,2025-02-12 13:14:00+00:00,15.36,15.35,-0.009999999999999787,-0.0006510416666666529,False,False
TRUMP,3,84389,2025-02-12 13:12:16+00:00,realDonaldTrump,BUY,0.7,4,2025-02-12 13:13:00+00:00,2025-02-12 13:16:00+00:00,15.36,15.42,0.0600000000000005,0.003906250000000033,False,True
TRUMP,5,84389,2025-02-12 13:12:16+00:00,realDonaldTrump,BUY,0.7,4,2025-02-12 13:13:00+00:00,2025-02-12 13:18:00+00:00,15.36,15.43,0.07000000000000028,0.004557291666666685,False,True
TRUMP,10,84389,2025-02-12 13:12:16+00:00,realDonaldTrump,BUY,0.7,4,2025-02-12 13:13:00+00:00,2025-02-12 13:23:00+00:00,15.36,15.48,0.120000000000001,0.007812500000000066,False,True
TRUMP,15,84389,2025-02-12 13:12:16+00:00,realDonaldTrump,BUY,0.7,4,2025-02-12 13:13:00+00:00,2025-02-12 13:28:00+00:00,15.36,15.47,0.11000000000000121,0.007161458333333412,False,True
TRUMP,30,84389,2025-02-12 13:12:16+00:00,realDonaldTrump,BUY,0.7,4,2025-02-12 13:13:00+00:00,2025-02-12 13:43:00+00:00,15.36,14.88,-0.47999999999999865,-0.031249999999999913,False,False
TRUMP,60,84389,2025-02-12 13:12:16+00:00,realDonaldTrump,BUY,0.7,4,2025-02-12 13:13:00+00:00,2025-02-12 14:13:00+00:00,15.36,14.77,-0.5899999999999999,-0.03841145833333333,False,False
TRUMP,120,84389,2025-02-12 13:12:16+00:00,realDonaldTrump,BUY,0.7,4,2025-02-12 13:13:00+00:00,2025-02-12 15:13:00+00:00,15.36,14.68,-0.6799999999999997,-0.044270833333333315,False,False
TRUMP,360,84389,2025-02-12 13:12:16+00:00,realDonaldTrump,BUY,0.7,4,2025-02-12 13:13:00+00:00,2025-02-12 19:13:00+00:00,15.36,15.11,-0.25,-0.016276041666666668,False,False
TRUMP,720,84389,2025-02-12 13:12:16+00:00,realDonaldTrump,BUY,0.7,4,2025-02-12 13:13:00+00:00,2025-02-13 01:13:00+00:00,15.36,15.43,0.07000000000000028,0.004557291666666685,False,True
TRUMP,1440,84389,2025-02-12 13:12:16+00:00,realDonaldTrump,BUY,0.7,4,2025-02-12 13:13:00+00:00,2025-02-13 13:13:00+00:00,15.36,16.35,0.990000000000002,0.06445312500000014,False,True
TRUMP,1,84546,2025-02-18 23:08:27+00:00,realDonaldTrump,BUY,0.7,4,2025-02-18 23:09:00+00:00,2025-02-18 23:10:00+00:00,16.37,16.41,0.03999999999999915,0.0024434941967012304,False,True
TRUMP,3,84546,2025-02-18 23:08:27+00:00,realDonaldTrump,BUY,0.7,4,2025-02-18 23:09:00+00:00,2025-02-18 23:12:00+00:00,16.37,16.42,0.05000000000000071,0.0030543677458766466,False,True
TRUMP,5,84546,2025-02-18 23:08:27+00:00,realDonaldTrump,BUY,0.7,4,2025-02-18 23:09:00+00:00,2025-02-18 23:14:00+00:00,16.37,16.39,0.019999999999999574,0.0012217470983506152,False,True
TRUMP,10,84546,2025-02-18 23:08:27+00:00,realDonaldTrump,BUY,0.7,4,2025-02-18 23:09:00+00:00,2025-02-18 23:19:00+00:00,16.37,16.41,0.03999999999999915,0.0024434941967012304,False,True
TRUMP,15,84546,2025-02-18 23:08:27+00:00,realDonaldTrump,BUY,0.7,4,2025-02-18 23:09:00+00:00,2025-02-18 23:24:00+00:00,16.37,16.42,0.05000000000000071,0.0030543677458766466,False,True
TRUMP,30,84546,2025-02-18 23:08:27+00:00,realDonaldTrump,BUY,0.7,4,2025-02-18 23:09:00+00:00,2025-02-18 23:39:00+00:00,16.37,16.37,0.0,0.0,True,
TRUMP,60,84546,2025-02-18 23:08:27+00:00,realDonaldTrump,BUY,0.7,4,2025-02-18 23:09:00+00:00,2025-02-19 00:09:00+00:00,16.37,16.41,0.03999999999999915,0.0024434941967012304,False,True
TRUMP,120,84546,2025-02-18 23:08:27+00:00,realDonaldTrump,BUY,0.7,4,2025-02-18 23:09:00+00:00,2025-02-19 01:09:00+00:00,16.37,16.3,-0.07000000000000028,-0.004276114844227262,False,False
TRUMP,360,84546,2025-02-18 23:08:27+00:00,realDonaldTrump,BUY,0.7,4,2025-02-18 23:09:00+00:00,2025-02-19 05:09:00+00:00,16.37,16.16,-0.21000000000000085,-0.012828344532681786,False,False
TRUMP,720,84546,2025-02-18 23:08:27+00:00,realDonaldTrump,BUY,0.7,4,2025-02-18 23:09:00+00:00,2025-02-19 11:09:00+00:00,16.37,17.22,0.8499999999999979,0.051924251679902125,False,True
TRUMP,1440,84546,2025-02-18 23:08:27+00:00,realDonaldTrump,BUY,0.7,4,2025-02-18 23:09:00+00:00,2025-02-19 23:09:00+00:00,16.37,16.84,0.46999999999999886,0.02871105681124,False,True
TRUMP,1,84547,2025-02-18 23:08:39+00:00,realDonaldTrump,BUY,0.8,4,2025-02-18 23:09:00+00:00,2025-02-18 23:10:00+00:00,16.37,16.41,0.03999999999999915,0.0024434941967012304,False,True
TRUMP,3,84547,2025-02-18 23:08:39+00:00,realDonaldTrump,BUY,0.8,4,2025-02-18 23:09:00+00:00,2025-02-18 23:12:00+00:00,16.37,16.42,0.05000000000000071,0.0030543677458766466,False,True
TRUMP,5,84547,2025-02-18 23:08:39+00:00,realDonaldTrump,BUY,0.8,4,2025-02-18 23:09:00+00:00,2025-02-18 23:14:00+00:00,16.37,16.39,0.019999999999999574,0.0012217470983506152,False,True
TRUMP,10,84547,2025-02-18 23:08:39+00:00,realDonaldTrump,BUY,0.8,4,2025-02-18 23:09:00+00:00,2025-02-18 23:19:00+00:00,16.37,16.41,0.03999999999999915,0.0024434941967012304,False,True
TRUMP,15,84547,2025-02-18 23:08:39+00:00,realDonaldTrump,BUY,0.8,4,2025-02-18 23:09:00+00:00,2025-02-18 23:24:00+00:00,16.37,16.42,0.05000000000000071,0.0030543677458766466,False,True
TRUMP,30,84547,2025-02-18 23:08:39+00:00,realDonaldTrump,BUY,0.8,4,2025-02-18 23:09:00+00:00,2025-02-18 23:39:00+00:00,16.37,16.37,0.0,0.0,True,
TRUMP,60,84547,2025-02-18 23:08:39+00:00,realDonaldTrump,BUY,0.8,4,2025-02-18 23:09:00+00:00,2025-02-19 00:09:00+00:00,16.37,16.41,0.03999999999999915,0.0024434941967012304,False,True
TRUMP,120,84547,2025-02-18 23:08:39+00:00,realDonaldTrump,BUY,0.8,4,2025-02-18 23:09:00+00:00,2025-02-19 01:09:00+00:00,16.37,16.3,-0.07000000000000028,-0.004276114844227262,False,False
TRUMP,360,84547,2025-02-18 23:08:39+00:00,realDonaldTrump,BUY,0.8,4,2025-02-18 23:09:00+00:00,2025-02-19 05:09:00+00:00,16.37,16.16,-0.21000000000000085,-0.012828344532681786,False,False
TRUMP,720,84547,2025-02-18 23:08:39+00:00,realDonaldTrump,BUY,0.8,4,2025-02-18 23:09:00+00:00,2025-02-19 11:09:00+00:00,16.37,17.22,0.8499999999999979,0.051924251679902125,False,True
TRUMP,1440,84547,2025-02-18 23:08:39+00:00,realDonaldTrump,BUY,0.8,4,2025-02-18 23:09:00+00:00,2025-02-19 23:09:00+00:00,16.37,16.84,0.46999999999999886,0.02871105681124,False,True
TRUMP,1,84582,2025-02-19 23:12:33+00:00,realDonaldTrump,BUY,0.7,4,2025-02-19 23:13:00+00:00,2025-02-19 23:14:00+00:00,16.82,16.82,0.0,0.0,True,
TRUMP,3,84582,2025-02-19 23:12:33+00:00,realDonaldTrump,BUY,0.7,4,2025-02-19 23:13:00+00:00,2025-02-19 23:16:00+00:00,16.82,16.85,0.030000000000001137,0.0017835909631391876,False,True
TRUMP,5,84582,2025-02-19 23:12:33+00:00,realDonaldTrump,BUY,0.7,4,2025-02-19 23:13:00+00:00,2025-02-19 23:18:00+00:00,16.82,16.88,0.05999999999999872,0.003567181926278164,False,True
TRUMP,10,84582,2025-02-19 23:12:33+00:00,realDonaldTrump,BUY,0.7,4,2025-02-19 23:13:00+00:00,2025-02-19 23:23:00+00:00,16.82,16.92,0.10000000000000142,0.005945303210463818,False,True
TRUMP,15,84582,2025-02-19 23:12:33+00:00,realDonaldTrump,BUY,0.7,4,2025-02-19 23:13:00+00:00,2025-02-19 23:28:00+00:00,16.82,17.28,0.46000000000000085,0.027348394768133225,False,True
TRUMP,30,84582,2025-02-19 23:12:33+00:00,realDonaldTrump,BUY,0.7,4,2025-02-19 23:13:00+00:00,2025-02-19 23:43:00+00:00,16.82,17.09,0.2699999999999996,0.016052318668252054,False,True
TRUMP,60,84582,2025-02-19 23:12:33+00:00,realDonaldTrump,BUY,0.7,4,2025-02-19 23:13:00+00:00,2025-02-20 00:13:00+00:00,16.82,16.97,0.14999999999999858,0.008917954815695515,False,True
TRUMP,120,84582,2025-02-19 23:12:33+00:00,realDonaldTrump,BUY,0.7,4,2025-02-19 23:13:00+00:00,2025-02-20 01:13:00+00:00,16.82,16.98,0.16000000000000014,0.009512485136741982,False,True
TRUMP,360,84582,2025-02-19 23:12:33+00:00,realDonaldTrump,BUY,0.7,4,2025-02-19 23:13:00+00:00,2025-02-20 05:13:00+00:00,16.82,17.01,0.19000000000000128,0.01129607609988117,False,True
TRUMP,720,84582,2025-02-19 23:12:33+00:00,realDonaldTrump,BUY,0.7,4,2025-02-19 23:13:00+00:00,2025-02-20 11:13:00+00:00,16.82,17.08,0.259999999999998,0.015457788347205589,False,True
TRUMP,1440,84582,2025-02-19 23:12:33+00:00,realDonaldTrump,BUY,0.7,4,2025-02-19 23:13:00+00:00,2025-02-20 23:13:00+00:00,16.82,16.8,-0.019999999999999574,-0.0011890606420927215,False,False
TRUMP,1,84756,2025-03-02 15:24:20+00:00,realDonaldTrump,BUY,0.7,4,2025-03-02 15:25:00+00:00,2025-03-02 15:26:00+00:00,13.82,13.91,0.08999999999999986,0.006512301013024592,False,True
TRUMP,3,84756,2025-03-02 15:24:20+00:00,realDonaldTrump,BUY,0.7,4,2025-03-02 15:25:00+00:00,2025-03-02 15:28:00+00:00,13.82,14.01,0.1899999999999995,0.013748191027496345,False,True
TRUMP,5,84756,2025-03-02 15:24:20+00:00,realDonaldTrump,BUY,0.7,4,2025-03-02 15:25:00+00:00,2025-03-02 15:30:00+00:00,13.82,14.03,0.20999999999999908,0.015195369030390671,False,True
TRUMP,10,84756,2025-03-02 15:24:20+00:00,realDonaldTrump,BUY,0.7,4,2025-03-02 15:25:00+00:00,2025-03-02 15:35:00+00:00,13.82,14.69,0.8699999999999992,0.06295224312590443,False,True
TRUMP,15,84756,2025-03-02 15:24:20+00:00,realDonaldTrump,BUY,0.7,4,2025-03-02 15:25:00+00:00,2025-03-02 15:40:00+00:00,13.82,14.93,1.1099999999999994,0.08031837916063672,False,True
TRUMP,30,84756,2025-03-02 15:24:20+00:00,realDonaldTrump,BUY,0.7,4,2025-03-02 15:25:00+00:00,2025-03-02 15:55:00+00:00,13.82,14.45,0.629999999999999,0.04558610709117214,False,True
TRUMP,60,84756,2025-03-02 15:24:20+00:00,realDonaldTrump,BUY,0.7,4,2025-03-02 15:25:00+00:00,2025-03-02 16:25:00+00:00,13.82,15.0,1.1799999999999997,0.08538350217076698,False,True
TRUMP,120,84756,2025-03-02 15:24:20+00:00,realDonaldTrump,BUY,0.7,4,2025-03-02 15:25:00+00:00,2025-03-02 17:25:00+00:00,13.82,15.24,1.42,0.10274963820549927,False,True
TRUMP,360,84756,2025-03-02 15:24:20+00:00,realDonaldTrump,BUY,0.7,4,2025-03-02 15:25:00+00:00,2025-03-02 21:25:00+00:00,13.82,17.31,3.4899999999999984,0.252532561505065,False,True
TRUMP,720,84756,2025-03-02 15:24:20+00:00,realDonaldTrump,BUY,0.7,4,2025-03-02 15:25:00+00:00,2025-03-03 03:25:00+00:00,13.82,15.81,1.9900000000000002,0.14399421128798842,False,True
TRUMP,1440,84756,2025-03-02 15:24:20+00:00,realDonaldTrump,BUY,0.7,4,2025-03-02 15:25:00+00:00,2025-03-03 15:25:00+00:00,13.82,14.9,1.08,0.07814761215629523,False,True
TRUMP,1,84797,2025-03-06 18:55:58+00:00,realDonaldTrump,BUY,0.9,5,2025-03-06 18:56:00+00:00,2025-03-06 18:57:00+00:00,13.03,13.0,-0.02999999999999936,-0.0023023791250958835,False,False
TRUMP,3,84797,2025-03-06 18:55:58+00:00,realDonaldTrump,BUY,0.9,5,2025-03-06 18:56:00+00:00,2025-03-06 18:59:00+00:00,13.03,13.03,0.0,0.0,True,
TRUMP,5,84797,2025-03-06 18:55:58+00:00,realDonaldTrump,BUY,0.9,5,2025-03-06 18:56:00+00:00,2025-03-06 19:01:00+00:00,13.03,12.97,-0.05999999999999872,-0.004604758250191767,False,False
TRUMP,10,84797,2025-03-06 18:55:58+00:00,realDonaldTrump,BUY,0.9,5,2025-03-06 18:56:00+00:00,2025-03-06 19:06:00+00:00,13.03,12.98,-0.049999999999998934,-0.0038372985418264724,False,False
TRUMP,15,84797,2025-03-06 18:55:58+00:00,realDonaldTrump,BUY,0.9,5,2025-03-06 18:56:00+00:00,2025-03-06 19:11:00+00:00,13.03,12.99,-0.03999999999999915,-0.003069838833461178,False,False
TRUMP,30,84797,2025-03-06 18:55:58+00:00,realDonaldTrump,BUY,0.9,5,2025-03-06 18:56:00+00:00,2025-03-06 19:26:00+00:00,13.03,12.95,-0.08000000000000007,-0.0061396776669224926,False,False
TRUMP,60,84797,2025-03-06 18:55:58+00:00,realDonaldTrump,BUY,0.9,5,2025-03-06 18:56:00+00:00,2025-03-06 19:56:00+00:00,13.03,12.96,-0.06999999999999851,-0.005372217958557061,False,False
TRUMP,120,84797,2025-03-06 18:55:58+00:00,realDonaldTrump,BUY,0.9,5,2025-03-06 18:56:00+00:00,2025-03-06 20:56:00+00:00,13.03,12.97,-0.05999999999999872,-0.004604758250191767,False,False
TRUMP,360,84797,2025-03-06 18:55:58+00:00,realDonaldTrump,BUY,0.9,5,2025-03-06 18:56:00+00:00,2025-03-07 00:56:00+00:00,13.03,12.34,-0.6899999999999995,-0.05295471987720641,False,False
TRUMP,720,84797,2025-03-06 18:55:58+00:00,realDonaldTrump,BUY,0.9,5,2025-03-06 18:56:00+00:00,2025-03-07 06:56:00+00:00,13.03,12.71,-0.3199999999999985,-0.02455871066768983,False,False
TRUMP,1440,84797,2025-03-06 18:55:58+00:00,realDonaldTrump,BUY,0.9,5,2025-03-06 18:56:00+00:00,2025-03-07 18:56:00+00:00,13.03,13.17,0.14000000000000057,0.010744435917114395,False,True
TRUMP,1,84914,2025-03-10 20:54:47+00:00,realDonaldTrump,BUY,0.7,4,2025-03-10 20:55:00+00:00,2025-03-10 20:56:00+00:00,10.55,10.6,0.049999999999998934,0.004739336492890894,False,True
TRUMP,3,84914,2025-03-10 20:54:47+00:00,realDonaldTrump,BUY,0.7,4,2025-03-10 20:55:00+00:00,2025-03-10 20:58:00+00:00,10.55,10.57,0.019999999999999574,0.0018957345971563576,False,True
TRUMP,5,84914,2025-03-10 20:54:47+00:00,realDonaldTrump,BUY,0.7,4,2025-03-10 20:55:00+00:00,2025-03-10 21:00:00+00:00,10.55,10.56,0.009999999999999787,0.0009478672985781788,False,True
TRUMP,10,84914,2025-03-10 20:54:47+00:00,realDonaldTrump,BUY,0.7,4,2025-03-10 20:55:00+00:00,2025-03-10 21:05:00+00:00,10.55,10.5,-0.05000000000000071,-0.004739336492891062,False,False
TRUMP,15,84914,2025-03-10 20:54:47+00:00,realDonaldTrump,BUY,0.7,4,2025-03-10 20:55:00+00:00,2025-03-10 21:10:00+00:00,10.55,10.58,0.02999999999999936,0.0028436018957345363,False,True
TRUMP,30,84914,2025-03-10 20:54:47+00:00,realDonaldTrump,BUY,0.7,4,2025-03-10 20:55:00+00:00,2025-03-10 21:25:00+00:00,10.55,10.58,0.02999999999999936,0.0028436018957345363,False,True
TRUMP,60,84914,2025-03-10 20:54:47+00:00,realDonaldTrump,BUY,0.7,4,2025-03-10 20:55:00+00:00,2025-03-10 21:55:00+00:00,10.55,10.57,0.019999999999999574,0.0018957345971563576,False,True
TRUMP,120,84914,2025-03-10 20:54:47+00:00,realDonaldTrump,BUY,0.7,4,2025-03-10 20:55:00+00:00,2025-03-10 22:55:00+00:00,10.55,10.48,-0.07000000000000028,-0.00663507109004742,False,False
TRUMP,360,84914,2025-03-10 20:54:47+00:00,realDonaldTrump,BUY,0.7,4,2025-03-10 20:55:00+00:00,2025-03-11 02:55:00+00:00,10.55,10.21,-0.33999999999999986,-0.032227488151658754,False,False
TRUMP,720,84914,2025-03-10 20:54:47+00:00,realDonaldTrump,BUY,0.7,4,2025-03-10 20:55:00+00:00,2025-03-11 08:55:00+00:00,10.55,10.48,-0.07000000000000028,-0.00663507109004742,False,False
TRUMP,1440,84914,2025-03-10 20:54:47+00:00,realDonaldTrump,BUY,0.7,4,2025-03-10 20:55:00+00:00,2025-03-11 20:55:00+00:00,10.55,10.61,0.05999999999999872,0.005687203791469073,False,True
TRUMP,1,85053,2025-03-12 20:17:01+00:00,realDonaldTrump,BUY,0.8,4,2025-03-12 20:18:00+00:00,2025-03-12 20:19:00+00:00,10.46,10.47,0.009999999999999787,0.0009560229445506488,False,True
TRUMP,3,85053,2025-03-12 20:17:01+00:00,realDonaldTrump,BUY,0.8,4,2025-03-12 20:18:00+00:00,2025-03-12 20:21:00+00:00,10.46,10.45,-0.010000000000001563,-0.0009560229445508186,False,False
TRUMP,5,85053,2025-03-12 20:17:01+00:00,realDonaldTrump,BUY,0.8,4,2025-03-12 20:18:00+00:00,2025-03-12 20:23:00+00:00,10.46,10.47,0.009999999999999787,0.0009560229445506488,False,True
TRUMP,10,85053,2025-03-12 20:17:01+00:00,realDonaldTrump,BUY,0.8,4,2025-03-12 20:18:00+00:00,2025-03-12 20:28:00+00:00,10.46,10.46,0.0,0.0,True,
TRUMP,15,85053,2025-03-12 20:17:01+00:00,realDonaldTrump,BUY,0.8,4,2025-03-12 20:18:00+00:00,2025-03-12 20:33:00+00:00,10.46,10.47,0.009999999999999787,0.0009560229445506488,False,True
TRUMP,30,85053,2025-03-12 20:17:01+00:00,realDonaldTrump,BUY,0.8,4,2025-03-12 20:18:00+00:00,2025-03-12 20:48:00+00:00,10.46,10.5,0.03999999999999915,0.003824091778202595,False,True
TRUMP,60,85053,2025-03-12 20:17:01+00:00,realDonaldTrump,BUY,0.8,4,2025-03-12 20:18:00+00:00,2025-03-12 21:18:00+00:00,10.46,10.58,0.11999999999999922,0.011472275334607955,False,True
TRUMP,120,85053,2025-03-12 20:17:01+00:00,realDonaldTrump,BUY,0.8,4,2025-03-12 20:18:00+00:00,2025-03-12 22:18:00+00:00,10.46,10.51,0.049999999999998934,0.004780114722753244,False,True
TRUMP,360,85053,2025-03-12 20:17:01+00:00,realDonaldTrump,BUY,0.8,4,2025-03-12 20:18:00+00:00,2025-03-13 02:18:00+00:00,10.46,10.53,0.06999999999999851,0.006692160611854541,False,True
TRUMP,720,85053,2025-03-12 20:17:01+00:00,realDonaldTrump,BUY,0.8,4,2025-03-12 20:18:00+00:00,2025-03-13 08:18:00+00:00,10.46,10.81,0.34999999999999964,0.03346080305927339,False,True
TRUMP,1440,85053,2025-03-12 20:17:01+00:00,realDonaldTrump,BUY,0.8,4,2025-03-12 20:18:00+00:00,2025-03-13 20:18:00+00:00,10.46,10.45,-0.010000000000001563,-0.0009560229445508186,False,False
TRUMP,1,85071,2025-03-14 12:23:48+00:00,realDonaldTrump,BUY,0.8,5,2025-03-14 12:24:00+00:00,2025-03-14 12:25:00+00:00,11.75,11.73,-0.019999999999999574,-0.0017021276595744319,False,False
TRUMP,3,85071,2025-03-14 12:23:48+00:00,realDonaldTrump,BUY,0.8,5,2025-03-14 12:24:00+00:00,2025-03-14 12:27:00+00:00,11.75,11.68,-0.07000000000000028,-0.005957446808510663,False,False
TRUMP,5,85071,2025-03-14 12:23:48+00:00,realDonaldTrump,BUY,0.8,5,2025-03-14 12:24:00+00:00,2025-03-14 12:29:00+00:00,11.75,11.71,-0.03999999999999915,-0.0034042553191488637,False,False
TRUMP,10,85071,2025-03-14 12:23:48+00:00,realDonaldTrump,BUY,0.8,5,2025-03-14 12:24:00+00:00,2025-03-14 12:34:00+00:00,11.75,11.7,-0.05000000000000071,-0.004255319148936231,False,False
TRUMP,15,85071,2025-03-14 12:23:48+00:00,realDonaldTrump,BUY,0.8,5,2025-03-14 12:24:00+00:00,2025-03-14 12:39:00+00:00,11.75,11.65,-0.09999999999999964,-0.00851063829787231,False,False
TRUMP,30,85071,2025-03-14 12:23:48+00:00,realDonaldTrump,BUY,0.8,5,2025-03-14 12:24:00+00:00,2025-03-14 12:54:00+00:00,11.75,11.64,-0.10999999999999943,-0.009361702127659527,False,False
TRUMP,60,85071,2025-03-14 12:23:48+00:00,realDonaldTrump,BUY,0.8,5,2025-03-14 12:24:00+00:00,2025-03-14 13:24:00+00:00,11.75,11.64,-0.10999999999999943,-0.009361702127659527,False,False
TRUMP,120,85071,2025-03-14 12:23:48+00:00,realDonaldTrump,BUY,0.8,5,2025-03-14 12:24:00+00:00,2025-03-14 14:24:00+00:00,11.75,11.95,0.1999999999999993,0.01702127659574462,False,True
TRUMP,360,85071,2025-03-14 12:23:48+00:00,realDonaldTrump,BUY,0.8,5,2025-03-14 12:24:00+00:00,2025-03-14 18:24:00+00:00,11.75,11.91,0.16000000000000014,0.013617021276595757,False,True
TRUMP,720,85071,2025-03-14 12:23:48+00:00,realDonaldTrump,BUY,0.8,5,2025-03-14 12:24:00+00:00,2025-03-15 00:24:00+00:00,11.75,12.18,0.4299999999999997,0.03659574468085104,False,True
TRUMP,1440,85071,2025-03-14 12:23:48+00:00,realDonaldTrump,BUY,0.8,5,2025-03-14 12:24:00+00:00,2025-03-15 12:24:00+00:00,11.75,12.04,0.28999999999999915,0.024680851063829716,False,True
TRUMP,1,85230,2025-03-23 15:31:52+00:00,realDonaldTrump,BUY,0.9,5,2025-03-23 15:32:00+00:00,2025-03-23 15:33:00+00:00,10.98,11.22,0.2400000000000002,0.021857923497267777,False,True
TRUMP,3,85230,2025-03-23 15:31:52+00:00,realDonaldTrump,BUY,0.9,5,2025-03-23 15:32:00+00:00,2025-03-23 15:35:00+00:00,10.98,11.73,0.75,0.06830601092896174,False,True
TRUMP,5,85230,2025-03-23 15:31:52+00:00,realDonaldTrump,BUY,0.9,5,2025-03-23 15:32:00+00:00,2025-03-23 15:37:00+00:00,10.98,12.27,1.2899999999999991,0.11748633879781413,False,True
TRUMP,10,85230,2025-03-23 15:31:52+00:00,realDonaldTrump,BUY,0.9,5,2025-03-23 15:32:00+00:00,2025-03-23 15:42:00+00:00,10.98,11.87,0.8899999999999988,0.08105646630236783,False,True
TRUMP,15,85230,2025-03-23 15:31:52+00:00,realDonaldTrump,BUY,0.9,5,2025-03-23 15:32:00+00:00,2025-03-23 15:47:00+00:00,10.98,12.17,1.1899999999999995,0.10837887067395259,False,True
TRUMP,30,85230,2025-03-23 15:31:52+00:00,realDonaldTrump,BUY,0.9,5,2025-03-23 15:32:00+00:00,2025-03-23 16:02:00+00:00,10.98,11.95,0.9699999999999989,0.08834244080145709,False,True
TRUMP,60,85230,2025-03-23 15:31:52+00:00,realDonaldTrump,BUY,0.9,5,2025-03-23 15:32:00+00:00,2025-03-23 16:32:00+00:00,10.98,11.97,0.9900000000000002,0.09016393442622953,False,True
TRUMP,120,85230,2025-03-23 15:31:52+00:00,realDonaldTrump,BUY,0.9,5,2025-03-23 15:32:00+00:00,2025-03-23 17:32:00+00:00,10.98,11.46,0.4800000000000004,0.043715846994535554,False,True
TRUMP,360,85230,2025-03-23 15:31:52+00:00,realDonaldTrump,BUY,0.9,5,2025-03-23 15:32:00+00:00,2025-03-23 21:32:00+00:00,10.98,11.36,0.379999999999999,0.03460837887067386,False,True
TRUMP,720,85230,2025-03-23 15:31:52+00:00,realDonaldTrump,BUY,0.9,5,2025-03-23 15:32:00+00:00,2025-03-24 03:32:00+00:00,10.98,11.88,0.9000000000000004,0.08196721311475413,False,True
TRUMP,1440,85230,2025-03-23 15:31:52+00:00,realDonaldTrump,BUY,0.9,5,2025-03-23 15:32:00+00:00,2025-03-24 15:32:00+00:00,10.98,11.78,0.7999999999999989,0.07285974499089243,False,True
TRUMP,1,85307,2025-03-26 23:49:03+00:00,realDonaldTrump,BUY,0.8,5,2025-03-26 23:50:00+00:00,2025-03-26 23:51:00+00:00,11.37,11.39,0.02000000000000135,0.0017590149516272077,False,True
TRUMP,3,85307,2025-03-26 23:49:03+00:00,realDonaldTrump,BUY,0.8,5,2025-03-26 23:50:00+00:00,2025-03-26 23:53:00+00:00,11.37,11.4,0.030000000000001137,0.0026385224274407333,False,True
TRUMP,5,85307,2025-03-26 23:49:03+00:00,realDonaldTrump,BUY,0.8,5,2025-03-26 23:50:00+00:00,2025-03-26 23:55:00+00:00,11.37,11.39,0.02000000000000135,0.0017590149516272077,False,True
TRUMP,10,85307,2025-03-26 23:49:03+00:00,realDonaldTrump,BUY,0.8,5,2025-03-26 23:50:00+00:00,2025-03-27 00:00:00+00:00,11.37,11.41,0.040000000000000924,0.0035180299032542594,False,True
TRUMP,15,85307,2025-03-26 23:49:03+00:00,realDonaldTrump,BUY,0.8,5,2025-03-26 23:50:00+00:00,2025-03-27 00:05:00+00:00,11.37,11.43,0.0600000000000005,0.0052770448548813105,False,True
TRUMP,30,85307,2025-03-26 23:49:03+00:00,realDonaldTrump,BUY,0.8,5,2025-03-26 23:50:00+00:00,2025-03-27 00:20:00+00:00,11.37,11.43,0.0600000000000005,0.0052770448548813105,False,True
TRUMP,60,85307,2025-03-26 23:49:03+00:00,realDonaldTrump,BUY,0.8,5,2025-03-26 23:50:00+00:00,2025-03-27 00:50:00+00:00,11.37,11.49,0.120000000000001,0.010554089709762621,False,True
TRUMP,120,85307,2025-03-26 23:49:03+00:00,realDonaldTrump,BUY,0.8,5,2025-03-26 23:50:00+00:00,2025-03-27 01:50:00+00:00,11.37,11.51,0.14000000000000057,0.012313104661389672,False,True
TRUMP,360,85307,2025-03-26 23:49:03+00:00,realDonaldTrump,BUY,0.8,5,2025-03-26 23:50:00+00:00,2025-03-27 05:50:00+00:00,11.37,11.58,0.21000000000000085,0.01846965699208451,False,True
TRUMP,720,85307,2025-03-26 23:49:03+00:00,realDonaldTrump,BUY,0.8,5,2025-03-26 23:50:00+00:00,2025-03-27 11:50:00+00:00,11.37,11.31,-0.05999999999999872,-0.005277044854881154,False,False
TRUMP,1440,85307,2025-03-26 23:49:03+00:00,realDonaldTrump,BUY,0.8,5,2025-03-26 23:50:00+00:00,2025-03-27 23:50:00+00:00,11.37,11.11,-0.2599999999999998,-0.022867194371152137,False,False
TRUMP,1,85493,2025-04-04 13:07:24+00:00,realDonaldTrump,BUY,0.7,4,2025-04-04 13:08:00+00:00,2025-04-04 13:09:00+00:00,9.32,9.32,0.0,0.0,True,
TRUMP,3,85493,2025-04-04 13:07:24+00:00,realDonaldTrump,BUY,0.7,4,2025-04-04 13:08:00+00:00,2025-04-04 13:11:00+00:00,9.32,9.3,-0.019999999999999574,-0.00214592274678107,False,False
TRUMP,5,85493,2025-04-04 13:07:24+00:00,realDonaldTrump,BUY,0.7,4,2025-04-04 13:08:00+00:00,2025-04-04 13:13:00+00:00,9.32,9.3,-0.019999999999999574,-0.00214592274678107,False,False
TRUMP,10,85493,2025-04-04 13:07:24+00:00,realDonaldTrump,BUY,0.7,4,2025-04-04 13:08:00+00:00,2025-04-04 13:18:00+00:00,9.32,9.31,-0.009999999999999787,-0.001072961373390535,False,False
TRUMP,15,85493,2025-04-04 13:07:24+00:00,realDonaldTrump,BUY,0.7,4,2025-04-04 13:08:00+00:00,2025-04-04 13:23:00+00:00,9.32,9.31,-0.009999999999999787,-0.001072961373390535,False,False
TRUMP,30,85493,2025-04-04 13:07:24+00:00,realDonaldTrump,BUY,0.7,4,2025-04-04 13:08:00+00:00,2025-04-04 13:38:00+00:00,9.32,9.24,-0.08000000000000007,-0.00858369098712447,False,False
TRUMP,60,85493,2025-04-04 13:07:24+00:00,realDonaldTrump,BUY,0.7,4,2025-04-04 13:08:00+00:00,2025-04-04 14:08:00+00:00,9.32,9.31,-0.009999999999999787,-0.001072961373390535,False,False
TRUMP,120,85493,2025-04-04 13:07:24+00:00,realDonaldTrump,BUY,0.7,4,2025-04-04 13:08:00+00:00,2025-04-04 15:08:00+00:00,9.32,9.34,0.019999999999999574,0.00214592274678107,False,True
TRUMP,360,85493,2025-04-04 13:07:24+00:00,realDonaldTrump,BUY,0.7,4,2025-04-04 13:08:00+00:00,2025-04-04 19:08:00+00:00,9.32,9.36,0.03999999999999915,0.00429184549356214,False,True
TRUMP,720,85493,2025-04-04 13:07:24+00:00,realDonaldTrump,BUY,0.7,4,2025-04-04 13:08:00+00:00,2025-04-05 01:08:00+00:00,9.32,9.43,0.10999999999999943,0.011802575107296076,False,True
TRUMP,1440,85493,2025-04-04 13:07:24+00:00,realDonaldTrump,BUY,0.7,4,2025-04-04 13:08:00+00:00,2025-04-05 13:08:00+00:00,9.32,9.22,-0.09999999999999964,-0.010729613733905541,False,False
TRUMP,1,85494,2025-04-04 13:25:29+00:00,realDonaldTrump,BUY,0.8,5,2025-04-04 13:26:00+00:00,2025-04-04 13:27:00+00:00,9.29,9.26,-0.02999999999999936,-0.003229278794402515,False,False
TRUMP,3,85494,2025-04-04 13:25:29+00:00,realDonaldTrump,BUY,0.8,5,2025-04-04 13:26:00+00:00,2025-04-04 13:29:00+00:00,9.29,9.25,-0.03999999999999915,-0.004305705059203353,False,False
TRUMP,5,85494,2025-04-04 13:25:29+00:00,realDonaldTrump,BUY,0.8,5,2025-04-04 13:26:00+00:00,2025-04-04 13:31:00+00:00,9.29,9.28,-0.009999999999999787,-0.0010764262648008383,False,False
TRUMP,10,85494,2025-04-04 13:25:29+00:00,realDonaldTrump,BUY,0.8,5,2025-04-04 13:26:00+00:00,2025-04-04 13:36:00+00:00,9.29,9.23,-0.05999999999999872,-0.00645855758880503,False,False
TRUMP,15,85494,2025-04-04 13:25:29+00:00,realDonaldTrump,BUY,0.8,5,2025-04-04 13:26:00+00:00,2025-04-04 13:41:00+00:00,9.29,9.22,-0.06999999999999851,-0.007534983853605868,False,False
TRUMP,30,85494,2025-04-04 13:25:29+00:00,realDonaldTrump,BUY,0.8,5,2025-04-04 13:26:00+00:00,2025-04-04 13:56:00+00:00,9.29,9.36,0.07000000000000028,0.007534983853606059,False,True
TRUMP,60,85494,2025-04-04 13:25:29+00:00,realDonaldTrump,BUY,0.8,5,2025-04-04 13:26:00+00:00,2025-04-04 14:26:00+00:00,9.29,9.31,0.02000000000000135,0.002152852529601868,False,True
TRUMP,120,85494,2025-04-04 13:25:29+00:00,realDonaldTrump,BUY,0.8,5,2025-04-04 13:26:00+00:00,2025-04-04 15:26:00+00:00,9.29,9.33,0.040000000000000924,0.004305705059203545,False,True
TRUMP,360,85494,2025-04-04 13:25:29+00:00,realDonaldTrump,BUY,0.8,5,2025-04-04 13:26:00+00:00,2025-04-04 19:26:00+00:00,9.29,9.38,0.09000000000000163,0.009687836383207927,False,True
TRUMP,720,85494,2025-04-04 13:25:29+00:00,realDonaldTrump,BUY,0.8,5,2025-04-04 13:26:00+00:00,2025-04-05 01:26:00+00:00,9.29,9.44,0.15000000000000036,0.016146393972012958,False,True
TRUMP,1440,85494,2025-04-04 13:25:29+00:00,realDonaldTrump,BUY,0.8,5,2025-04-04 13:26:00+00:00,2025-04-05 13:26:00+00:00,9.29,9.2,-0.08999999999999986,-0.009687836383207736,False,False
TRUMP,1,85536,2025-04-07 22:22:23+00:00,realDonaldTrump,BUY,0.8,4,2025-04-07 22:23:00+00:00,2025-04-07 22:24:00+00:00,7.96,7.97,0.009999999999999787,0.001256281407035149,False,True
TRUMP,3,85536,2025-04-07 22:22:23+00:00,realDonaldTrump,BUY,0.8,4,2025-04-07 22:23:00+00:00,2025-04-07 22:26:00+00:00,7.96,7.97,0.009999999999999787,0.001256281407035149,False,True
TRUMP,5,85536,2025-04-07 22:22:23+00:00,realDonaldTrump,BUY,0.8,4,2025-04-07 22:23:00+00:00,2025-04-07 22:28:00+00:00,7.96,7.96,0.0,0.0,True,
TRUMP,10,85536,2025-04-07 22:22:23+00:00,realDonaldTrump,BUY,0.8,4,2025-04-07 22:23:00+00:00,2025-04-07 22:33:00+00:00,7.96,7.94,-0.019999999999999574,-0.002512562814070298,False,False
TRUMP,15,85536,2025-04-07 22:22:23+00:00,realDonaldTrump,BUY,0.8,4,2025-04-07 22:23:00+00:00,2025-04-07 22:38:00+00:00,7.96,7.95,-0.009999999999999787,-0.001256281407035149,False,False
TRUMP,30,85536,2025-04-07 22:22:23+00:00,realDonaldTrump,BUY,0.8,4,2025-04-07 22:23:00+00:00,2025-04-07 22:53:00+00:00,7.96,7.96,0.0,0.0,True,
TRUMP,60,85536,2025-04-07 22:22:23+00:00,realDonaldTrump,BUY,0.8,4,2025-04-07 22:23:00+00:00,2025-04-07 23:23:00+00:00,7.96,7.87,-0.08999999999999986,-0.011306532663316566,False,False
TRUMP,120,85536,2025-04-07 22:22:23+00:00,realDonaldTrump,BUY,0.8,4,2025-04-07 22:23:00+00:00,2025-04-08 00:23:00+00:00,7.96,7.85,-0.11000000000000032,-0.013819095477386975,False,False
TRUMP,360,85536,2025-04-07 22:22:23+00:00,realDonaldTrump,BUY,0.8,4,2025-04-07 22:23:00+00:00,2025-04-08 04:23:00+00:00,7.96,7.89,-0.07000000000000028,-0.008793969849246267,False,False
TRUMP,720,85536,2025-04-07 22:22:23+00:00,realDonaldTrump,BUY,0.8,4,2025-04-07 22:23:00+00:00,2025-04-08 10:23:00+00:00,7.96,7.82,-0.13999999999999968,-0.01758793969849242,False,False
TRUMP,1440,85536,2025-04-07 22:22:23+00:00,realDonaldTrump,BUY,0.8,4,2025-04-07 22:23:00+00:00,2025-04-08 22:23:00+00:00,7.96,7.51,-0.4500000000000002,-0.05653266331658294,False,False
TRUMP,1,85560,2025-04-09 13:37:01+00:00,realDonaldTrump,BUY,0.8,4,2025-04-09 13:38:00+00:00,2025-04-09 13:39:00+00:00,7.59,7.62,0.03000000000000025,0.003952569169960507,False,True
TRUMP,3,85560,2025-04-09 13:37:01+00:00,realDonaldTrump,BUY,0.8,4,2025-04-09 13:38:00+00:00,2025-04-09 13:41:00+00:00,7.59,7.65,0.0600000000000005,0.007905138339921014,False,True
TRUMP,5,85560,2025-04-09 13:37:01+00:00,realDonaldTrump,BUY,0.8,4,2025-04-09 13:38:00+00:00,2025-04-09 13:43:00+00:00,7.59,7.61,0.020000000000000462,0.0026350461133070437,False,True
TRUMP,10,85560,2025-04-09 13:37:01+00:00,realDonaldTrump,BUY,0.8,4,2025-04-09 13:38:00+00:00,2025-04-09 13:48:00+00:00,7.59,7.59,0.0,0.0,True,
TRUMP,15,85560,2025-04-09 13:37:01+00:00,realDonaldTrump,BUY,0.8,4,2025-04-09 13:38:00+00:00,2025-04-09 13:53:00+00:00,7.59,7.64,0.04999999999999982,0.006587615283267434,False,True
TRUMP,30,85560,2025-04-09 13:37:01+00:00,realDonaldTrump,BUY,0.8,4,2025-04-09 13:38:00+00:00,2025-04-09 14:08:00+00:00,7.59,7.63,0.040000000000000036,0.00527009222661397,False,True
TRUMP,60,85560,2025-04-09 13:37:01+00:00,realDonaldTrump,BUY,0.8,4,2025-04-09 13:38:00+00:00,2025-04-09 14:38:00+00:00,7.59,7.65,0.0600000000000005,0.007905138339921014,False,True
TRUMP,120,85560,2025-04-09 13:37:01+00:00,realDonaldTrump,BUY,0.8,4,2025-04-09 13:38:00+00:00,2025-04-09 15:38:00+00:00,7.59,7.63,0.040000000000000036,0.00527009222661397,False,True
TRUMP,360,85560,2025-04-09 13:37:01+00:00,realDonaldTrump,BUY,0.8,4,2025-04-09 13:38:00+00:00,2025-04-09 19:38:00+00:00,7.59,8.16,0.5700000000000003,0.07509881422924905,False,True
TRUMP,720,85560,2025-04-09 13:37:01+00:00,realDonaldTrump,BUY,0.8,4,2025-04-09 13:38:00+00:00,2025-04-10 01:38:00+00:00,7.59,8.12,0.5299999999999994,0.06982872200263496,False,True
TRUMP,1440,85560,2025-04-09 13:37:01+00:00,realDonaldTrump,BUY,0.8,4,2025-04-09 13:38:00+00:00,2025-04-10 13:38:00+00:00,7.59,7.97,0.3799999999999999,0.05006587615283266,False,True
TRUMP,1,85975,2025-05-06 14:22:29+00:00,realDonaldTrump,BUY,0.8,4,2025-05-06 14:23:00+00:00,2025-05-06 14:24:00+00:00,10.73,10.71,-0.019999999999999574,-0.0018639328984156173,False,False
TRUMP,3,85975,2025-05-06 14:22:29+00:00,realDonaldTrump,BUY,0.8,4,2025-05-06 14:23:00+00:00,2025-05-06 14:26:00+00:00,10.73,10.69,-0.040000000000000924,-0.0037278657968314,False,False
TRUMP,5,85975,2025-05-06 14:22:29+00:00,realDonaldTrump,BUY,0.8,4,2025-05-06 14:23:00+00:00,2025-05-06 14:28:00+00:00,10.73,10.68,-0.05000000000000071,-0.004659832246039209,False,False
TRUMP,10,85975,2025-05-06 14:22:29+00:00,realDonaldTrump,BUY,0.8,4,2025-05-06 14:23:00+00:00,2025-05-06 14:33:00+00:00,10.73,10.66,-0.07000000000000028,-0.006523765144454826,False,False
TRUMP,15,85975,2025-05-06 14:22:29+00:00,realDonaldTrump,BUY,0.8,4,2025-05-06 14:23:00+00:00,2025-05-06 14:38:00+00:00,10.73,10.68,-0.05000000000000071,-0.004659832246039209,False,False
TRUMP,30,85975,2025-05-06 14:22:29+00:00,realDonaldTrump,BUY,0.8,4,2025-05-06 14:23:00+00:00,2025-05-06 14:53:00+00:00,10.73,10.64,-0.08999999999999986,-0.008387698042870442,False,False
TRUMP,60,85975,2025-05-06 14:22:29+00:00,realDonaldTrump,BUY,0.8,4,2025-05-06 14:23:00+00:00,2025-05-06 15:23:00+00:00,10.73,10.64,-0.08999999999999986,-0.008387698042870442,False,False
TRUMP,120,85975,2025-05-06 14:22:29+00:00,realDonaldTrump,BUY,0.8,4,2025-05-06 14:23:00+00:00,2025-05-06 16:23:00+00:00,10.73,10.64,-0.08999999999999986,-0.008387698042870442,False,False
TRUMP,360,85975,2025-05-06 14:22:29+00:00,realDonaldTrump,BUY,0.8,4,2025-05-06 14:23:00+00:00,2025-05-06 20:23:00+00:00,10.73,10.84,0.10999999999999943,0.01025163094128606,False,True
TRUMP,720,85975,2025-05-06 14:22:29+00:00,realDonaldTrump,BUY,0.8,4,2025-05-06 14:23:00+00:00,2025-05-07 02:23:00+00:00,10.73,11.08,0.34999999999999964,0.03261882572227397,False,True
TRUMP,1440,85975,2025-05-06 14:22:29+00:00,realDonaldTrump,BUY,0.8,4,2025-05-06 14:23:00+00:00,2025-05-07 14:23:00+00:00,10.73,10.94,0.20999999999999908,0.019571295433364312,False,True
TRUMP,1,85990,2025-05-06 18:55:16+00:00,realDonaldTrump,BUY,0.8,4,2025-05-06 18:56:00+00:00,2025-05-06 18:57:00+00:00,10.88,10.88,0.0,0.0,True,
TRUMP,3,85990,2025-05-06 18:55:16+00:00,realDonaldTrump,BUY,0.8,4,2025-05-06 18:56:00+00:00,2025-05-06 18:59:00+00:00,10.88,10.89,0.009999999999999787,0.0009191176470588039,False,True
TRUMP,5,85990,2025-05-06 18:55:16+00:00,realDonaldTrump,BUY,0.8,4,2025-05-06 18:56:00+00:00,2025-05-06 19:01:00+00:00,10.88,10.93,0.049999999999998934,0.00459558823529402,False,True
TRUMP,10,85990,2025-05-06 18:55:16+00:00,realDonaldTrump,BUY,0.8,4,2025-05-06 18:56:00+00:00,2025-05-06 19:06:00+00:00,10.88,10.9,0.019999999999999574,0.0018382352941176078,False,True
TRUMP,15,85990,2025-05-06 18:55:16+00:00,realDonaldTrump,BUY,0.8,4,2025-05-06 18:56:00+00:00,2025-05-06 19:11:00+00:00,10.88,10.89,0.009999999999999787,0.0009191176470588039,False,True
TRUMP,30,85990,2025-05-06 18:55:16+00:00,realDonaldTrump,BUY,0.8,4,2025-05-06 18:56:00+00:00,2025-05-06 19:26:00+00:00,10.88,10.86,-0.02000000000000135,-0.001838235294117771,False,False
TRUMP,60,85990,2025-05-06 18:55:16+00:00,realDonaldTrump,BUY,0.8,4,2025-05-06 18:56:00+00:00,2025-05-06 19:56:00+00:00,10.88,10.89,0.009999999999999787,0.0009191176470588039,False,True
TRUMP,120,85990,2025-05-06 18:55:16+00:00,realDonaldTrump,BUY,0.8,4,2025-05-06 18:56:00+00:00,2025-05-06 20:56:00+00:00,10.88,10.79,-0.09000000000000163,-0.008272058823529561,False,False
TRUMP,360,85990,2025-05-06 18:55:16+00:00,realDonaldTrump,BUY,0.8,4,2025-05-06 18:56:00+00:00,2025-05-07 00:56:00+00:00,10.88,11.11,0.22999999999999865,0.021139705882352814,False,True
TRUMP,720,85990,2025-05-06 18:55:16+00:00,realDonaldTrump,BUY,0.8,4,2025-05-06 18:56:00+00:00,2025-05-07 06:56:00+00:00,10.88,10.96,0.08000000000000007,0.007352941176470594,False,True
TRUMP,1440,85990,2025-05-06 18:55:16+00:00,realDonaldTrump,BUY,0.8,4,2025-05-06 18:56:00+00:00,2025-05-07 18:56:00+00:00,10.88,10.89,0.009999999999999787,0.0009191176470588039,False,True
TRUMP,1,86113,2025-05-12 16:28:57+00:00,realDonaldTrump,BUY,0.9,5,2025-05-12 16:29:00+00:00,2025-05-12 16:30:00+00:00,13.2,13.24,0.040000000000000924,0.0030303030303031006,False,True
TRUMP,3,86113,2025-05-12 16:28:57+00:00,realDonaldTrump,BUY,0.9,5,2025-05-12 16:29:00+00:00,2025-05-12 16:32:00+00:00,13.2,13.21,0.010000000000001563,0.0007575757575758761,False,True
TRUMP,5,86113,2025-05-12 16:28:57+00:00,realDonaldTrump,BUY,0.9,5,2025-05-12 16:29:00+00:00,2025-05-12 16:34:00+00:00,13.2,13.18,-0.019999999999999574,-0.0015151515151514828,False,False
TRUMP,10,86113,2025-05-12 16:28:57+00:00,realDonaldTrump,BUY,0.9,5,2025-05-12 16:29:00+00:00,2025-05-12 16:39:00+00:00,13.2,13.14,-0.05999999999999872,-0.004545454545454449,False,False
TRUMP,15,86113,2025-05-12 16:28:57+00:00,realDonaldTrump,BUY,0.9,5,2025-05-12 16:29:00+00:00,2025-05-12 16:44:00+00:00,13.2,13.18,-0.019999999999999574,-0.0015151515151514828,False,False
TRUMP,30,86113,2025-05-12 16:28:57+00:00,realDonaldTrump,BUY,0.9,5,2025-05-12 16:29:00+00:00,2025-05-12 16:59:00+00:00,13.2,13.3,0.10000000000000142,0.0075757575757576835,False,True
TRUMP,60,86113,2025-05-12 16:28:57+00:00,realDonaldTrump,BUY,0.9,5,2025-05-12 16:29:00+00:00,2025-05-12 17:29:00+00:00,13.2,13.3,0.10000000000000142,0.0075757575757576835,False,True
TRUMP,120,86113,2025-05-12 16:28:57+00:00,realDonaldTrump,BUY,0.9,5,2025-05-12 16:29:00+00:00,2025-05-12 18:29:00+00:00,13.2,12.7,-0.5,-0.03787878787878788,False,False
TRUMP,360,86113,2025-05-12 16:28:57+00:00,realDonaldTrump,BUY,0.9,5,2025-05-12 16:29:00+00:00,2025-05-12 22:29:00+00:00,13.2,12.86,-0.33999999999999986,-0.025757575757575746,False,False
TRUMP,720,86113,2025-05-12 16:28:57+00:00,realDonaldTrump,BUY,0.9,5,2025-05-12 16:29:00+00:00,2025-05-13 04:29:00+00:00,13.2,12.53,-0.6699999999999999,-0.05075757575757576,False,False
TRUMP,1440,86113,2025-05-12 16:28:57+00:00,realDonaldTrump,BUY,0.9,5,2025-05-12 16:29:00+00:00,2025-05-13 16:29:00+00:00,13.2,13.32,0.120000000000001,0.009090909090909167,False,True
TRUMP,1,86298,2025-05-22 21:20:11+00:00,realDonaldTrump,BUY,0.8,4,2025-05-22 21:21:00+00:00,2025-05-22 21:22:00+00:00,14.37,14.37,0.0,0.0,True,
TRUMP,3,86298,2025-05-22 21:20:11+00:00,realDonaldTrump,BUY,0.8,4,2025-05-22 21:21:00+00:00,2025-05-22 21:24:00+00:00,14.37,14.39,0.02000000000000135,0.0013917884481559743,False,True
TRUMP,5,86298,2025-05-22 21:20:11+00:00,realDonaldTrump,BUY,0.8,4,2025-05-22 21:21:00+00:00,2025-05-22 21:26:00+00:00,14.37,14.33,-0.03999999999999915,-0.0027835768963117014,False,False
TRUMP,10,86298,2025-05-22 21:20:11+00:00,realDonaldTrump,BUY,0.8,4,2025-05-22 21:21:00+00:00,2025-05-22 21:31:00+00:00,14.37,14.32,-0.049999999999998934,-0.0034794711203896267,False,False
TRUMP,15,86298,2025-05-22 21:20:11+00:00,realDonaldTrump,BUY,0.8,4,2025-05-22 21:21:00+00:00,2025-05-22 21:36:00+00:00,14.37,14.35,-0.019999999999999574,-0.0013917884481558507,False,False
TRUMP,30,86298,2025-05-22 21:20:11+00:00,realDonaldTrump,BUY,0.8,4,2025-05-22 21:21:00+00:00,2025-05-22 21:51:00+00:00,14.37,14.29,-0.08000000000000007,-0.005567153792623527,False,False
TRUMP,60,86298,2025-05-22 21:20:11+00:00,realDonaldTrump,BUY,0.8,4,2025-05-22 21:21:00+00:00,2025-05-22 22:21:00+00:00,14.37,14.39,0.02000000000000135,0.0013917884481559743,False,True
TRUMP,120,86298,2025-05-22 21:20:11+00:00,realDonaldTrump,BUY,0.8,4,2025-05-22 21:21:00+00:00,2025-05-22 23:21:00+00:00,14.37,14.51,0.14000000000000057,0.009742519137091203,False,True
TRUMP,360,86298,2025-05-22 21:20:11+00:00,realDonaldTrump,BUY,0.8,4,2025-05-22 21:21:00+00:00,2025-05-23 03:21:00+00:00,14.37,14.48,0.11000000000000121,0.007654836464857426,False,True
TRUMP,720,86298,2025-05-22 21:20:11+00:00,realDonaldTrump,BUY,0.8,4,2025-05-22 21:21:00+00:00,2025-05-23 09:21:00+00:00,14.37,13.96,-0.40999999999999837,-0.028531663187195435,False,False
TRUMP,1440,86298,2025-05-22 21:20:11+00:00,realDonaldTrump,BUY,0.8,4,2025-05-22 21:21:00+00:00,2025-05-23 21:21:00+00:00,14.37,12.99,-1.379999999999999,-0.09603340292275568,False,False
TRUMP,1,86402,2025-05-30 18:50:01+00:00,realDonaldTrump,BUY,0.8,4,2025-05-30 18:51:00+00:00,2025-05-30 18:52:00+00:00,11.28,11.28,0.0,0.0,True,
TRUMP,3,86402,2025-05-30 18:50:01+00:00,realDonaldTrump,BUY,0.8,4,2025-05-30 18:51:00+00:00,2025-05-30 18:54:00+00:00,11.28,11.28,0.0,0.0,True,
TRUMP,5,86402,2025-05-30 18:50:01+00:00,realDonaldTrump,BUY,0.8,4,2025-05-30 18:51:00+00:00,2025-05-30 18:56:00+00:00,11.28,11.29,0.009999999999999787,0.0008865248226950166,False,True
TRUMP,10,86402,2025-05-30 18:50:01+00:00,realDonaldTrump,BUY,0.8,4,2025-05-30 18:51:00+00:00,2025-05-30 19:01:00+00:00,11.28,11.3,0.02000000000000135,0.0017730496453901908,False,True
TRUMP,15,86402,2025-05-30 18:50:01+00:00,realDonaldTrump,BUY,0.8,4,2025-05-30 18:51:00+00:00,2025-05-30 19:06:00+00:00,11.28,11.27,-0.009999999999999787,-0.0008865248226950166,False,False
TRUMP,30,86402,2025-05-30 18:50:01+00:00,realDonaldTrump,BUY,0.8,4,2025-05-30 18:51:00+00:00,2025-05-30 19:21:00+00:00,11.28,11.29,0.009999999999999787,0.0008865248226950166,False,True
TRUMP,60,86402,2025-05-30 18:50:01+00:00,realDonaldTrump,BUY,0.8,4,2025-05-30 18:51:00+00:00,2025-05-30 19:51:00+00:00,11.28,11.27,-0.009999999999999787,-0.0008865248226950166,False,False
TRUMP,120,86402,2025-05-30 18:50:01+00:00,realDonaldTrump,BUY,0.8,4,2025-05-30 18:51:00+00:00,2025-05-30 20:51:00+00:00,11.28,11.28,0.0,0.0,True,
TRUMP,360,86402,2025-05-30 18:50:01+00:00,realDonaldTrump,BUY,0.8,4,2025-05-30 18:51:00+00:00,2025-05-31 00:51:00+00:00,11.28,10.72,-0.5599999999999987,-0.04964539007092188,False,False
TRUMP,720,86402,2025-05-30 18:50:01+00:00,realDonaldTrump,BUY,0.8,4,2025-05-30 18:51:00+00:00,2025-05-31 06:51:00+00:00,11.28,10.75,-0.5299999999999994,-0.04698581560283682,False,False
TRUMP,1440,86402,2025-05-30 18:50:01+00:00,realDonaldTrump,BUY,0.8,4,2025-05-30 18:51:00+00:00,2025-05-31 18:51:00+00:00,11.28,11.27,-0.009999999999999787,-0.0008865248226950166,False,False
TRUMP,1,86672,2025-06-19 00:01:39+00:00,realDonaldTrump,BUY,0.9,5,2025-06-19 00:02:00+00:00,2025-06-19 00:03:00+00:00,9.4,9.39,-0.009999999999999787,-0.0010638297872340198,False,False
TRUMP,3,86672,2025-06-19 00:01:39+00:00,realDonaldTrump,BUY,0.9,5,2025-06-19 00:02:00+00:00,2025-06-19 00:05:00+00:00,9.4,9.39,-0.009999999999999787,-0.0010638297872340198,False,False
TRUMP,5,86672,2025-06-19 00:01:39+00:00,realDonaldTrump,BUY,0.9,5,2025-06-19 00:02:00+00:00,2025-06-19 00:07:00+00:00,9.4,9.4,0.0,0.0,True,
TRUMP,10,86672,2025-06-19 00:01:39+00:00,realDonaldTrump,BUY,0.9,5,2025-06-19 00:02:00+00:00,2025-06-19 00:12:00+00:00,9.4,9.38,-0.019999999999999574,-0.0021276595744680396,False,False
TRUMP,15,86672,2025-06-19 00:01:39+00:00,realDonaldTrump,BUY,0.9,5,2025-06-19 00:02:00+00:00,2025-06-19 00:17:00+00:00,9.4,9.38,-0.019999999999999574,-0.0021276595744680396,False,False
TRUMP,30,86672,2025-06-19 00:01:39+00:00,realDonaldTrump,BUY,0.9,5,2025-06-19 00:02:00+00:00,2025-06-19 00:32:00+00:00,9.4,9.43,0.02999999999999936,0.0031914893617020594,False,True
TRUMP,60,86672,2025-06-19 00:01:39+00:00,realDonaldTrump,BUY,0.9,5,2025-06-19 00:02:00+00:00,2025-06-19 01:02:00+00:00,9.4,9.39,-0.009999999999999787,-0.0010638297872340198,False,False
TRUMP,120,86672,2025-06-19 00:01:39+00:00,realDonaldTrump,BUY,0.9,5,2025-06-19 00:02:00+00:00,2025-06-19 02:02:00+00:00,9.4,9.37,-0.030000000000001137,-0.0031914893617022485,False,False
TRUMP,360,86672,2025-06-19 00:01:39+00:00,realDonaldTrump,BUY,0.9,5,2025-06-19 00:02:00+00:00,2025-06-19 06:02:00+00:00,9.4,9.41,0.009999999999999787,0.0010638297872340198,False,True
TRUMP,720,86672,2025-06-19 00:01:39+00:00,realDonaldTrump,BUY,0.9,5,2025-06-19 00:02:00+00:00,2025-06-19 12:02:00+00:00,9.4,9.31,-0.08999999999999986,-0.009574468085106367,False,False
TRUMP,1440,86672,2025-06-19 00:01:39+00:00,realDonaldTrump,BUY,0.9,5,2025-06-19 00:02:00+00:00,2025-06-20 00:02:00+00:00,9.4,9.34,-0.0600000000000005,-0.006382978723404308,False,False
TRUMP,1,86931,2025-06-29 20:27:45+00:00,realDonaldTrump,BUY,0.9,5,2025-06-29 20:28:00+00:00,2025-06-29 20:29:00+00:00,9.06,9.06,0.0,0.0,True,
TRUMP,3,86931,2025-06-29 20:27:45+00:00,realDonaldTrump,BUY,0.9,5,2025-06-29 20:28:00+00:00,2025-06-29 20:31:00+00:00,9.06,9.06,0.0,0.0,True,
TRUMP,5,86931,2025-06-29 20:27:45+00:00,realDonaldTrump,BUY,0.9,5,2025-06-29 20:28:00+00:00,2025-06-29 20:33:00+00:00,9.06,9.06,0.0,0.0,True,
TRUMP,10,86931,2025-06-29 20:27:45+00:00,realDonaldTrump,BUY,0.9,5,2025-06-29 20:28:00+00:00,2025-06-29 20:38:00+00:00,9.06,9.06,0.0,0.0,True,
TRUMP,15,86931,2025-06-29 20:27:45+00:00,realDonaldTrump,BUY,0.9,5,2025-06-29 20:28:00+00:00,2025-06-29 20:43:00+00:00,9.06,9.06,0.0,0.0,True,
TRUMP,30,86931,2025-06-29 20:27:45+00:00,realDonaldTrump,BUY,0.9,5,2025-06-29 20:28:00+00:00,2025-06-29 20:58:00+00:00,9.06,9.04,-0.02000000000000135,-0.0022075055187639457,False,False
TRUMP,60,86931,2025-06-29 20:27:45+00:00,realDonaldTrump,BUY,0.9,5,2025-06-29 20:28:00+00:00,2025-06-29 21:28:00+00:00,9.06,9.06,0.0,0.0,True,
TRUMP,120,86931,2025-06-29 20:27:45+00:00,realDonaldTrump,BUY,0.9,5,2025-06-29 20:28:00+00:00,2025-06-29 22:28:00+00:00,9.06,9.26,0.1999999999999993,0.02207505518763789,False,True
TRUMP,360,86931,2025-06-29 20:27:45+00:00,realDonaldTrump,BUY,0.9,5,2025-06-29 20:28:00+00:00,2025-06-30 02:28:00+00:00,9.06,9.11,0.049999999999998934,0.005518763796909375,False,True
TRUMP,720,86931,2025-06-29 20:27:45+00:00,realDonaldTrump,BUY,0.9,5,2025-06-29 20:28:00+00:00,2025-06-30 08:28:00+00:00,9.06,8.98,-0.08000000000000007,-0.008830022075055195,False,False
TRUMP,1440,86931,2025-06-29 20:27:45+00:00,realDonaldTrump,BUY,0.9,5,2025-06-29 20:28:00+00:00,2025-06-30 20:28:00+00:00,9.06,8.94,-0.120000000000001,-0.01324503311258289,False,False
TRUMP,1,87008,2025-07-02 14:52:03+00:00,realDonaldTrump,BUY,0.9,5,2025-07-02 14:53:00+00:00,2025-07-02 14:54:00+00:00,8.69,8.69,0.0,0.0,True,
TRUMP,3,87008,2025-07-02 14:52:03+00:00,realDonaldTrump,BUY,0.9,5,2025-07-02 14:53:00+00:00,2025-07-02 14:56:00+00:00,8.69,8.68,-0.009999999999999787,-0.0011507479861909997,False,False
TRUMP,5,87008,2025-07-02 14:52:03+00:00,realDonaldTrump,BUY,0.9,5,2025-07-02 14:53:00+00:00,2025-07-02 14:58:00+00:00,8.69,8.7,0.009999999999999787,0.0011507479861909997,False,True
TRUMP,10,87008,2025-07-02 14:52:03+00:00,realDonaldTrump,BUY,0.9,5,2025-07-02 14:53:00+00:00,2025-07-02 15:03:00+00:00,8.69,8.68,-0.009999999999999787,-0.0011507479861909997,False,False
TRUMP,15,87008,2025-07-02 14:52:03+00:00,realDonaldTrump,BUY,0.9,5,2025-07-02 14:53:00+00:00,2025-07-02 15:08:00+00:00,8.69,8.69,0.0,0.0,True,
TRUMP,30,87008,2025-07-02 14:52:03+00:00,realDonaldTrump,BUY,0.9,5,2025-07-02 14:53:00+00:00,2025-07-02 15:23:00+00:00,8.69,8.72,0.030000000000001137,0.0034522439585732037,False,True
TRUMP,60,87008,2025-07-02 14:52:03+00:00,realDonaldTrump,BUY,0.9,5,2025-07-02 14:53:00+00:00,2025-07-02 15:53:00+00:00,8.69,8.74,0.05000000000000071,0.005753739930955203,False,True
TRUMP,120,87008,2025-07-02 14:52:03+00:00,realDonaldTrump,BUY,0.9,5,2025-07-02 14:53:00+00:00,2025-07-02 16:53:00+00:00,8.69,8.94,0.25,0.028768699654775607,False,True
TRUMP,360,87008,2025-07-02 14:52:03+00:00,realDonaldTrump,BUY,0.9,5,2025-07-02 14:53:00+00:00,2025-07-02 20:53:00+00:00,8.69,8.92,0.23000000000000043,0.026467203682393605,False,True
TRUMP,720,87008,2025-07-02 14:52:03+00:00,realDonaldTrump,BUY,0.9,5,2025-07-02 14:53:00+00:00,2025-07-03 02:53:00+00:00,8.69,8.86,0.16999999999999993,0.019562715765247405,False,True
TRUMP,1440,87008,2025-07-02 14:52:03+00:00,realDonaldTrump,BUY,0.9,5,2025-07-02 14:53:00+00:00,2025-07-03 14:53:00+00:00,8.69,8.93,0.2400000000000002,0.027617951668584606,False,True
TRUMP,1,87023,2025-07-03 13:34:11+00:00,realDonaldTrump,BUY,0.7,3,2025-07-03 13:35:00+00:00,2025-07-03 13:36:00+00:00,8.98,8.98,0.0,0.0,True,
TRUMP,3,87023,2025-07-03 13:34:11+00:00,realDonaldTrump,BUY,0.7,3,2025-07-03 13:35:00+00:00,2025-07-03 13:38:00+00:00,8.98,8.99,0.009999999999999787,0.0011135857461024262,False,True
TRUMP,5,87023,2025-07-03 13:34:11+00:00,realDonaldTrump,BUY,0.7,3,2025-07-03 13:35:00+00:00,2025-07-03 13:40:00+00:00,8.98,8.98,0.0,0.0,True,
TRUMP,10,87023,2025-07-03 13:34:11+00:00,realDonaldTrump,BUY,0.7,3,2025-07-03 13:35:00+00:00,2025-07-03 13:45:00+00:00,8.98,9.0,0.019999999999999574,0.0022271714922048524,False,True
TRUMP,15,87023,2025-07-03 13:34:11+00:00,realDonaldTrump,BUY,0.7,3,2025-07-03 13:35:00+00:00,2025-07-03 13:50:00+00:00,8.98,9.01,0.02999999999999936,0.003340757238307278,False,True
TRUMP,30,87023,2025-07-03 13:34:11+00:00,realDonaldTrump,BUY,0.7,3,2025-07-03 13:35:00+00:00,2025-07-03 14:05:00+00:00,8.98,9.01,0.02999999999999936,0.003340757238307278,False,True
TRUMP,60,87023,2025-07-03 13:34:11+00:00,realDonaldTrump,BUY,0.7,3,2025-07-03 13:35:00+00:00,2025-07-03 14:35:00+00:00,8.98,8.95,-0.030000000000001137,-0.003340757238307476,False,False
TRUMP,120,87023,2025-07-03 13:34:11+00:00,realDonaldTrump,BUY,0.7,3,2025-07-03 13:35:00+00:00,2025-07-03 15:35:00+00:00,8.98,8.83,-0.15000000000000036,-0.016703786191536788,False,False
TRUMP,360,87023,2025-07-03 13:34:11+00:00,realDonaldTrump,BUY,0.7,3,2025-07-03 13:35:00+00:00,2025-07-03 19:35:00+00:00,8.98,8.88,-0.09999999999999964,-0.011135857461024459,False,False
TRUMP,720,87023,2025-07-03 13:34:11+00:00,realDonaldTrump,BUY,0.7,3,2025-07-03 13:35:00+00:00,2025-07-04 01:35:00+00:00,8.98,8.9,-0.08000000000000007,-0.008908685968819607,False,False
TRUMP,1440,87023,2025-07-03 13:34:11+00:00,realDonaldTrump,BUY,0.7,3,2025-07-03 13:35:00+00:00,2025-07-04 13:35:00+00:00,8.98,8.71,-0.2699999999999996,-0.0300668151447661,False,False
TRUMP,1,87209,2025-07-15 14:08:17+00:00,realDonaldTrump,BUY,0.9,5,2025-07-15 14:09:00+00:00,2025-07-15 14:10:00+00:00,9.28,9.26,-0.019999999999999574,-0.0021551724137930574,False,False
TRUMP,3,87209,2025-07-15 14:08:17+00:00,realDonaldTrump,BUY,0.9,5,2025-07-15 14:09:00+00:00,2025-07-15 14:12:00+00:00,9.28,9.3,0.02000000000000135,0.002155172413793249,False,True
TRUMP,5,87209,2025-07-15 14:08:17+00:00,realDonaldTrump,BUY,0.9,5,2025-07-15 14:09:00+00:00,2025-07-15 14:14:00+00:00,9.28,9.3,0.02000000000000135,0.002155172413793249,False,True
TRUMP,10,87209,2025-07-15 14:08:17+00:00,realDonaldTrump,BUY,0.9,5,2025-07-15 14:09:00+00:00,2025-07-15 14:19:00+00:00,9.28,9.26,-0.019999999999999574,-0.0021551724137930574,False,False
TRUMP,15,87209,2025-07-15 14:08:17+00:00,realDonaldTrump,BUY,0.9,5,2025-07-15 14:09:00+00:00,2025-07-15 14:24:00+00:00,9.28,9.24,-0.03999999999999915,-0.004310344827586115,False,False
TRUMP,30,87209,2025-07-15 14:08:17+00:00,realDonaldTrump,BUY,0.9,5,2025-07-15 14:09:00+00:00,2025-07-15 14:39:00+00:00,9.28,9.15,-0.129999999999999,-0.014008620689655067,False,False
TRUMP,60,87209,2025-07-15 14:08:17+00:00,realDonaldTrump,BUY,0.9,5,2025-07-15 14:09:00+00:00,2025-07-15 15:09:00+00:00,9.28,9.08,-0.1999999999999993,-0.02155172413793096,False,False
TRUMP,120,87209,2025-07-15 14:08:17+00:00,realDonaldTrump,BUY,0.9,5,2025-07-15 14:09:00+00:00,2025-07-15 16:09:00+00:00,9.28,9.3,0.02000000000000135,0.002155172413793249,False,True
TRUMP,360,87209,2025-07-15 14:08:17+00:00,realDonaldTrump,BUY,0.9,5,2025-07-15 14:09:00+00:00,2025-07-15 20:09:00+00:00,9.28,9.22,-0.05999999999999872,-0.006465517241379173,False,False
TRUMP,720,87209,2025-07-15 14:08:17+00:00,realDonaldTrump,BUY,0.9,5,2025-07-15 14:09:00+00:00,2025-07-16 02:09:00+00:00,9.28,9.45,0.16999999999999993,0.018318965517241374,False,True
TRUMP,1440,87209,2025-07-15 14:08:17+00:00,realDonaldTrump,BUY,0.9,5,2025-07-15 14:09:00+00:00,2025-07-16 14:09:00+00:00,9.28,9.93,0.6500000000000004,0.07004310344827591,False,True
TRUMP,1,87215,2025-07-15 15:29:02+00:00,realDonaldTrump,BUY,0.9,5,2025-07-15 15:30:00+00:00,2025-07-15 15:31:00+00:00,9.13,9.11,-0.02000000000000135,-0.0021905805038336637,False,False
TRUMP,3,87215,2025-07-15 15:29:02+00:00,realDonaldTrump,BUY,0.9,5,2025-07-15 15:30:00+00:00,2025-07-15 15:33:00+00:00,9.13,9.1,-0.030000000000001137,-0.0032858707557503982,False,False
TRUMP,5,87215,2025-07-15 15:29:02+00:00,realDonaldTrump,BUY,0.9,5,2025-07-15 15:30:00+00:00,2025-07-15 15:35:00+00:00,9.13,9.13,0.0,0.0,True,
TRUMP,10,87215,2025-07-15 15:29:02+00:00,realDonaldTrump,BUY,0.9,5,2025-07-15 15:30:00+00:00,2025-07-15 15:40:00+00:00,9.13,9.15,0.019999999999999574,0.002190580503833469,False,True
TRUMP,15,87215,2025-07-15 15:29:02+00:00,realDonaldTrump,BUY,0.9,5,2025-07-15 15:30:00+00:00,2025-07-15 15:45:00+00:00,9.13,9.17,0.03999999999999915,0.004381161007666938,False,True
TRUMP,30,87215,2025-07-15 15:29:02+00:00,realDonaldTrump,BUY,0.9,5,2025-07-15 15:30:00+00:00,2025-07-15 16:00:00+00:00,9.13,9.23,0.09999999999999964,0.01095290251916754,False,True
TRUMP,60,87215,2025-07-15 15:29:02+00:00,realDonaldTrump,BUY,0.9,5,2025-07-15 15:30:00+00:00,2025-07-15 16:30:00+00:00,9.13,9.25,0.11999999999999922,0.013143483023001008,False,True
TRUMP,120,87215,2025-07-15 15:29:02+00:00,realDonaldTrump,BUY,0.9,5,2025-07-15 15:30:00+00:00,2025-07-15 17:30:00+00:00,9.13,9.34,0.20999999999999908,0.023001095290251815,False,True
TRUMP,360,87215,2025-07-15 15:29:02+00:00,realDonaldTrump,BUY,0.9,5,2025-07-15 15:30:00+00:00,2025-07-15 21:30:00+00:00,9.13,9.32,0.1899999999999995,0.020810514786418346,False,True
TRUMP,720,87215,2025-07-15 15:29:02+00:00,realDonaldTrump,BUY,0.9,5,2025-07-15 15:30:00+00:00,2025-07-16 03:30:00+00:00,9.13,9.41,0.27999999999999936,0.03066812705366915,False,True
TRUMP,1440,87215,2025-07-15 15:29:02+00:00,realDonaldTrump,BUY,0.9,5,2025-07-15 15:30:00+00:00,2025-07-16 15:30:00+00:00,9.13,9.99,0.8599999999999994,0.0941949616648411,False,True
TRUMP,1,87237,2025-07-16 17:36:20+00:00,realDonaldTrump,BUY,0.6,4,2025-07-16 17:37:00+00:00,2025-07-16 17:38:00+00:00,10.09,10.1,0.009999999999999787,0.0009910802775024566,False,True
TRUMP,3,87237,2025-07-16 17:36:20+00:00,realDonaldTrump,BUY,0.6,4,2025-07-16 17:37:00+00:00,2025-07-16 17:40:00+00:00,10.09,10.1,0.009999999999999787,0.0009910802775024566,False,True
TRUMP,5,87237,2025-07-16 17:36:20+00:00,realDonaldTrump,BUY,0.6,4,2025-07-16 17:37:00+00:00,2025-07-16 17:42:00+00:00,10.09,10.1,0.009999999999999787,0.0009910802775024566,False,True
TRUMP,10,87237,2025-07-16 17:36:20+00:00,realDonaldTrump,BUY,0.6,4,2025-07-16 17:37:00+00:00,2025-07-16 17:47:00+00:00,10.09,10.12,0.02999999999999936,0.0029732408325073697,False,True
TRUMP,15,87237,2025-07-16 17:36:20+00:00,realDonaldTrump,BUY,0.6,4,2025-07-16 17:37:00+00:00,2025-07-16 17:52:00+00:00,10.09,10.1,0.009999999999999787,0.0009910802775024566,False,True
TRUMP,30,87237,2025-07-16 17:36:20+00:00,realDonaldTrump,BUY,0.6,4,2025-07-16 17:37:00+00:00,2025-07-16 18:07:00+00:00,10.09,10.11,0.019999999999999574,0.0019821605550049133,False,True
TRUMP,60,87237,2025-07-16 17:36:20+00:00,realDonaldTrump,BUY,0.6,4,2025-07-16 17:37:00+00:00,2025-07-16 18:37:00+00:00,10.09,10.09,0.0,0.0,True,
TRUMP,120,87237,2025-07-16 17:36:20+00:00,realDonaldTrump,BUY,0.6,4,2025-07-16 17:37:00+00:00,2025-07-16 19:37:00+00:00,10.09,9.95,-0.14000000000000057,-0.013875123885034745,False,False
TRUMP,360,87237,2025-07-16 17:36:20+00:00,realDonaldTrump,BUY,0.6,4,2025-07-16 17:37:00+00:00,2025-07-16 23:37:00+00:00,10.09,9.88,-0.20999999999999908,-0.02081268582755194,False,False
TRUMP,720,87237,2025-07-16 17:36:20+00:00,realDonaldTrump,BUY,0.6,4,2025-07-16 17:37:00+00:00,2025-07-17 05:37:00+00:00,10.09,9.81,-0.27999999999999936,-0.027750247770069313,False,False
TRUMP,1440,87237,2025-07-16 17:36:20+00:00,realDonaldTrump,BUY,0.6,4,2025-07-16 17:37:00+00:00,2025-07-17 17:37:00+00:00,10.09,9.86,-0.23000000000000043,-0.02279484638255703,False,False
TRUMP,1,87253,2025-07-17 14:12:01+00:00,realDonaldTrump,SELL,0.9,5,2025-07-17 14:13:00+00:00,2025-07-17 14:14:00+00:00,9.93,9.95,0.019999999999999574,0.002014098690835808,False,False
TRUMP,3,87253,2025-07-17 14:12:01+00:00,realDonaldTrump,SELL,0.9,5,2025-07-17 14:13:00+00:00,2025-07-17 14:16:00+00:00,9.93,9.95,0.019999999999999574,0.002014098690835808,False,False
TRUMP,5,87253,2025-07-17 14:12:01+00:00,realDonaldTrump,SELL,0.9,5,2025-07-17 14:13:00+00:00,2025-07-17 14:18:00+00:00,9.93,9.95,0.019999999999999574,0.002014098690835808,False,False
TRUMP,10,87253,2025-07-17 14:12:01+00:00,realDonaldTrump,SELL,0.9,5,2025-07-17 14:13:00+00:00,2025-07-17 14:23:00+00:00,9.93,9.96,0.030000000000001137,0.003021148036253891,False,False
TRUMP,15,87253,2025-07-17 14:12:01+00:00,realDonaldTrump,SELL,0.9,5,2025-07-17 14:13:00+00:00,2025-07-17 14:28:00+00:00,9.93,10.0,0.07000000000000028,0.007049345417925507,False,False
TRUMP,30,87253,2025-07-17 14:12:01+00:00,realDonaldTrump,SELL,0.9,5,2025-07-17 14:13:00+00:00,2025-07-17 14:43:00+00:00,9.93,9.99,0.0600000000000005,0.006042296072507603,False,False
TRUMP,60,87253,2025-07-17 14:12:01+00:00,realDonaldTrump,SELL,0.9,5,2025-07-17 14:13:00+00:00,2025-07-17 15:13:00+00:00,9.93,9.89,-0.03999999999999915,-0.004028197381671616,False,True
TRUMP,120,87253,2025-07-17 14:12:01+00:00,realDonaldTrump,SELL,0.9,5,2025-07-17 14:13:00+00:00,2025-07-17 16:13:00+00:00,9.93,9.86,-0.07000000000000028,-0.007049345417925507,False,True
TRUMP,360,87253,2025-07-17 14:12:01+00:00,realDonaldTrump,SELL,0.9,5,2025-07-17 14:13:00+00:00,2025-07-17 20:13:00+00:00,9.93,9.69,-0.2400000000000002,-0.024169184290030232,False,True
TRUMP,720,87253,2025-07-17 14:12:01+00:00,realDonaldTrump,SELL,0.9,5,2025-07-17 14:13:00+00:00,2025-07-18 02:13:00+00:00,9.93,10.27,0.33999999999999986,0.034239677744209454,False,False
TRUMP,1440,87253,2025-07-17 14:12:01+00:00,realDonaldTrump,SELL,0.9,5,2025-07-17 14:13:00+00:00,2025-07-18 14:13:00+00:00,9.93,10.5,0.5700000000000003,0.05740181268882178,False,False
TRUMP,1,87280,2025-07-18 11:26:07+00:00,realDonaldTrump,BUY,0.7,4,2025-07-18 11:27:00+00:00,2025-07-18 11:28:00+00:00,10.28,10.3,0.02000000000000135,0.0019455252918289252,False,True
TRUMP,3,87280,2025-07-18 11:26:07+00:00,realDonaldTrump,BUY,0.7,4,2025-07-18 11:27:00+00:00,2025-07-18 11:30:00+00:00,10.28,10.28,0.0,0.0,True,
TRUMP,5,87280,2025-07-18 11:26:07+00:00,realDonaldTrump,BUY,0.7,4,2025-07-18 11:27:00+00:00,2025-07-18 11:32:00+00:00,10.28,10.29,0.009999999999999787,0.0009727626459143762,False,True
TRUMP,10,87280,2025-07-18 11:26:07+00:00,realDonaldTrump,BUY,0.7,4,2025-07-18 11:27:00+00:00,2025-07-18 11:37:00+00:00,10.28,10.32,0.040000000000000924,0.003891050583657678,False,True
TRUMP,15,87280,2025-07-18 11:26:07+00:00,realDonaldTrump,BUY,0.7,4,2025-07-18 11:27:00+00:00,2025-07-18 11:42:00+00:00,10.28,10.34,0.0600000000000005,0.00583657587548643,False,True
TRUMP,30,87280,2025-07-18 11:26:07+00:00,realDonaldTrump,BUY,0.7,4,2025-07-18 11:27:00+00:00,2025-07-18 11:57:00+00:00,10.28,10.36,0.08000000000000007,0.007782101167315182,False,True
TRUMP,60,87280,2025-07-18 11:26:07+00:00,realDonaldTrump,BUY,0.7,4,2025-07-18 11:27:00+00:00,2025-07-18 12:27:00+00:00,10.28,10.42,0.14000000000000057,0.013618677042801612,False,True
TRUMP,120,87280,2025-07-18 11:26:07+00:00,realDonaldTrump,BUY,0.7,4,2025-07-18 11:27:00+00:00,2025-07-18 13:27:00+00:00,10.28,10.45,0.16999999999999993,0.01653696498054474,False,True
TRUMP,360,87280,2025-07-18 11:26:07+00:00,realDonaldTrump,BUY,0.7,4,2025-07-18 11:27:00+00:00,2025-07-18 17:27:00+00:00,10.28,10.27,-0.009999999999999787,-0.0009727626459143762,False,False
TRUMP,720,87280,2025-07-18 11:26:07+00:00,realDonaldTrump,BUY,0.7,4,2025-07-18 11:27:00+00:00,2025-07-18 23:27:00+00:00,10.28,9.92,-0.35999999999999943,-0.03501945525291823,False,False
TRUMP,1440,87280,2025-07-18 11:26:07+00:00,realDonaldTrump,BUY,0.7,4,2025-07-18 11:27:00+00:00,2025-07-19 11:27:00+00:00,10.28,10.13,-0.14999999999999858,-0.014591439688715816,False,False
TRUMP,1,87302,2025-07-18 23:53:21+00:00,realDonaldTrump,BUY,0.8,4,2025-07-18 23:54:00+00:00,2025-07-18 23:55:00+00:00,9.99,10.0,0.009999999999999787,0.0010010010010009797,False,True
TRUMP,3,87302,2025-07-18 23:53:21+00:00,realDonaldTrump,BUY,0.8,4,2025-07-18 23:54:00+00:00,2025-07-18 23:57:00+00:00,9.99,10.0,0.009999999999999787,0.0010010010010009797,False,True
TRUMP,5,87302,2025-07-18 23:53:21+00:00,realDonaldTrump,BUY,0.8,4,2025-07-18 23:54:00+00:00,2025-07-18 23:59:00+00:00,9.99,10.01,0.019999999999999574,0.0020020020020019595,False,True
TRUMP,10,87302,2025-07-18 23:53:21+00:00,realDonaldTrump,BUY,0.8,4,2025-07-18 23:54:00+00:00,2025-07-19 00:04:00+00:00,9.99,10.01,0.019999999999999574,0.0020020020020019595,False,True
TRUMP,15,87302,2025-07-18 23:53:21+00:00,realDonaldTrump,BUY,0.8,4,2025-07-18 23:54:00+00:00,2025-07-19 00:09:00+00:00,9.99,9.99,0.0,0.0,True,
TRUMP,30,87302,2025-07-18 23:53:21+00:00,realDonaldTrump,BUY,0.8,4,2025-07-18 23:54:00+00:00,2025-07-19 00:24:00+00:00,9.99,10.02,0.02999999999999936,0.003003003003002939,False,True
TRUMP,60,87302,2025-07-18 23:53:21+00:00,realDonaldTrump,BUY,0.8,4,2025-07-18 23:54:00+00:00,2025-07-19 00:54:00+00:00,9.99,9.89,-0.09999999999999964,-0.010010010010009973,False,False
TRUMP,120,87302,2025-07-18 23:53:21+00:00,realDonaldTrump,BUY,0.8,4,2025-07-18 23:54:00+00:00,2025-07-19 01:54:00+00:00,9.99,9.92,-0.07000000000000028,-0.007007007007007036,False,False
TRUMP,360,87302,2025-07-18 23:53:21+00:00,realDonaldTrump,BUY,0.8,4,2025-07-18 23:54:00+00:00,2025-07-19 05:54:00+00:00,9.99,10.14,0.15000000000000036,0.01501501501501505,False,True
TRUMP,720,87302,2025-07-18 23:53:21+00:00,realDonaldTrump,BUY,0.8,4,2025-07-18 23:54:00+00:00,2025-07-19 11:54:00+00:00,9.99,10.03,0.03999999999999915,0.004004004004003919,False,True
TRUMP,1440,87302,2025-07-18 23:53:21+00:00,realDonaldTrump,BUY,0.8,4,2025-07-18 23:54:00+00:00,2025-07-19 23:54:00+00:00,9.99,10.16,0.16999999999999993,0.017017017017017008,False,True
TRUMP,1,87333,2025-07-20 19:37:08+00:00,realDonaldTrump,SELL,0.7,5,2025-07-20 19:38:00+00:00,2025-07-20 19:39:00+00:00,10.77,10.76,-0.009999999999999787,-0.0009285051067780675,False,True
TRUMP,3,87333,2025-07-20 19:37:08+00:00,realDonaldTrump,SELL,0.7,5,2025-07-20 19:38:00+00:00,2025-07-20 19:41:00+00:00,10.77,10.76,-0.009999999999999787,-0.0009285051067780675,False,True
TRUMP,5,87333,2025-07-20 19:37:08+00:00,realDonaldTrump,SELL,0.7,5,2025-07-20 19:38:00+00:00,2025-07-20 19:43:00+00:00,10.77,10.77,0.0,0.0,True,
TRUMP,10,87333,2025-07-20 19:37:08+00:00,realDonaldTrump,SELL,0.7,5,2025-07-20 19:38:00+00:00,2025-07-20 19:48:00+00:00,10.77,10.79,0.019999999999999574,0.001857010213556135,False,False
TRUMP,15,87333,2025-07-20 19:37:08+00:00,realDonaldTrump,SELL,0.7,5,2025-07-20 19:38:00+00:00,2025-07-20 19:53:00+00:00,10.77,10.75,-0.019999999999999574,-0.001857010213556135,False,True
TRUMP,30,87333,2025-07-20 19:37:08+00:00,realDonaldTrump,SELL,0.7,5,2025-07-20 19:38:00+00:00,2025-07-20 20:08:00+00:00,10.77,10.67,-0.09999999999999964,-0.00928505106778084,False,True
TRUMP,60,87333,2025-07-20 19:37:08+00:00,realDonaldTrump,SELL,0.7,5,2025-07-20 19:38:00+00:00,2025-07-20 20:38:00+00:00,10.77,10.69,-0.08000000000000007,-0.007428040854224705,False,True
TRUMP,120,87333,2025-07-20 19:37:08+00:00,realDonaldTrump,SELL,0.7,5,2025-07-20 19:38:00+00:00,2025-07-20 21:38:00+00:00,10.77,10.76,-0.009999999999999787,-0.0009285051067780675,False,True
TRUMP,360,87333,2025-07-20 19:37:08+00:00,realDonaldTrump,SELL,0.7,5,2025-07-20 19:38:00+00:00,2025-07-21 01:38:00+00:00,10.77,10.45,-0.3200000000000003,-0.02971216341689882,False,True
TRUMP,720,87333,2025-07-20 19:37:08+00:00,realDonaldTrump,SELL,0.7,5,2025-07-20 19:38:00+00:00,2025-07-21 07:38:00+00:00,10.77,11.68,0.9100000000000001,0.08449396471680595,False,False
TRUMP,1440,87333,2025-07-20 19:37:08+00:00,realDonaldTrump,SELL,0.7,5,2025-07-20 19:38:00+00:00,2025-07-21 19:38:00+00:00,10.77,11.1,0.33000000000000007,0.03064066852367689,False,False
TRUMP,1,87470,2025-07-26 18:07:17+00:00,realDonaldTrump,BUY,0.9,5,2025-07-26 18:08:00+00:00,2025-07-26 18:09:00+00:00,10.2,10.19,-0.009999999999999787,-0.0009803921568627243,False,False
TRUMP,3,87470,2025-07-26 18:07:17+00:00,realDonaldTrump,BUY,0.9,5,2025-07-26 18:08:00+00:00,2025-07-26 18:11:00+00:00,10.2,10.2,0.0,0.0,True,
TRUMP,5,87470,2025-07-26 18:07:17+00:00,realDonaldTrump,BUY,0.9,5,2025-07-26 18:08:00+00:00,2025-07-26 18:13:00+00:00,10.2,10.21,0.010000000000001563,0.0009803921568628984,False,True
TRUMP,10,87470,2025-07-26 18:07:17+00:00,realDonaldTrump,BUY,0.9,5,2025-07-26 18:08:00+00:00,2025-07-26 18:18:00+00:00,10.2,10.16,-0.03999999999999915,-0.003921568627450897,False,False
TRUMP,15,87470,2025-07-26 18:07:17+00:00,realDonaldTrump,BUY,0.9,5,2025-07-26 18:08:00+00:00,2025-07-26 18:23:00+00:00,10.2,10.19,-0.009999999999999787,-0.0009803921568627243,False,False
TRUMP,30,87470,2025-07-26 18:07:17+00:00,realDonaldTrump,BUY,0.9,5,2025-07-26 18:08:00+00:00,2025-07-26 18:38:00+00:00,10.2,10.23,0.030000000000001137,0.002941176470588347,False,True
TRUMP,60,87470,2025-07-26 18:07:17+00:00,realDonaldTrump,BUY,0.9,5,2025-07-26 18:08:00+00:00,2025-07-26 19:08:00+00:00,10.2,10.27,0.07000000000000028,0.006862745098039244,False,True
TRUMP,120,87470,2025-07-26 18:07:17+00:00,realDonaldTrump,BUY,0.9,5,2025-07-26 18:08:00+00:00,2025-07-26 20:08:00+00:00,10.2,10.24,0.040000000000000924,0.003921568627451071,False,True
TRUMP,360,87470,2025-07-26 18:07:17+00:00,realDonaldTrump,BUY,0.9,5,2025-07-26 18:08:00+00:00,2025-07-27 00:08:00+00:00,10.2,10.13,-0.06999999999999851,-0.00686274509803907,False,False
TRUMP,720,87470,2025-07-26 18:07:17+00:00,realDonaldTrump,BUY,0.9,5,2025-07-26 18:08:00+00:00,2025-07-27 06:08:00+00:00,10.2,10.25,0.05000000000000071,0.004901960784313796,False,True
TRUMP,1440,87470,2025-07-26 18:07:17+00:00,realDonaldTrump,BUY,0.9,5,2025-07-26 18:08:00+00:00,2025-07-27 18:08:00+00:00,10.2,10.32,0.120000000000001,0.01176470588235304,False,True
TRUMP,1,87604,2025-08-01 10:32:15+00:00,realDonaldTrump,SELL,0.9,5,2025-08-01 10:33:00+00:00,2025-08-01 10:34:00+00:00,8.81,8.8,-0.009999999999999787,-0.0011350737797956624,False,True
TRUMP,3,87604,2025-08-01 10:32:15+00:00,realDonaldTrump,SELL,0.9,5,2025-08-01 10:33:00+00:00,2025-08-01 10:36:00+00:00,8.81,8.8,-0.009999999999999787,-0.0011350737797956624,False,True
TRUMP,5,87604,2025-08-01 10:32:15+00:00,realDonaldTrump,SELL,0.9,5,2025-08-01 10:33:00+00:00,2025-08-01 10:38:00+00:00,8.81,8.79,-0.02000000000000135,-0.0022701475595915265,False,True
TRUMP,10,87604,2025-08-01 10:32:15+00:00,realDonaldTrump,SELL,0.9,5,2025-08-01 10:33:00+00:00,2025-08-01 10:43:00+00:00,8.81,8.8,-0.009999999999999787,-0.0011350737797956624,False,True
TRUMP,15,87604,2025-08-01 10:32:15+00:00,realDonaldTrump,SELL,0.9,5,2025-08-01 10:33:00+00:00,2025-08-01 10:48:00+00:00,8.81,8.78,-0.030000000000001137,-0.003405221339387189,False,True
TRUMP,30,87604,2025-08-01 10:32:15+00:00,realDonaldTrump,SELL,0.9,5,2025-08-01 10:33:00+00:00,2025-08-01 11:03:00+00:00,8.81,8.77,-0.040000000000000924,-0.004540295119182852,False,True
TRUMP,60,87604,2025-08-01 10:32:15+00:00,realDonaldTrump,SELL,0.9,5,2025-08-01 10:33:00+00:00,2025-08-01 11:33:00+00:00,8.81,8.8,-0.009999999999999787,-0.0011350737797956624,False,True
TRUMP,120,87604,2025-08-01 10:32:15+00:00,realDonaldTrump,SELL,0.9,5,2025-08-01 10:33:00+00:00,2025-08-01 12:33:00+00:00,8.81,8.91,0.09999999999999964,0.011350737797956827,False,False
TRUMP,360,87604,2025-08-01 10:32:15+00:00,realDonaldTrump,SELL,0.9,5,2025-08-01 10:33:00+00:00,2025-08-01 16:33:00+00:00,8.81,8.89,0.08000000000000007,0.0090805902383655,False,False
TRUMP,720,87604,2025-08-01 10:32:15+00:00,realDonaldTrump,SELL,0.9,5,2025-08-01 10:33:00+00:00,2025-08-01 22:33:00+00:00,8.81,8.57,-0.2400000000000002,-0.027241770715096505,False,True
TRUMP,1440,87604,2025-08-01 10:32:15+00:00,realDonaldTrump,SELL,0.9,5,2025-08-01 10:33:00+00:00,2025-08-02 10:33:00+00:00,8.81,8.69,-0.120000000000001,-0.013620885357548353,False,True
TRUMP,1,87736,2025-08-09 03:17:25+00:00,realDonaldTrump,BUY,0.9,5,2025-08-09 03:18:00+00:00,2025-08-09 03:19:00+00:00,9.42,9.43,0.009999999999999787,0.0010615711252653702,False,True
TRUMP,3,87736,2025-08-09 03:17:25+00:00,realDonaldTrump,BUY,0.9,5,2025-08-09 03:18:00+00:00,2025-08-09 03:21:00+00:00,9.42,9.41,-0.009999999999999787,-0.0010615711252653702,False,False
TRUMP,5,87736,2025-08-09 03:17:25+00:00,realDonaldTrump,BUY,0.9,5,2025-08-09 03:18:00+00:00,2025-08-09 03:23:00+00:00,9.42,9.41,-0.009999999999999787,-0.0010615711252653702,False,False
TRUMP,10,87736,2025-08-09 03:17:25+00:00,realDonaldTrump,BUY,0.9,5,2025-08-09 03:18:00+00:00,2025-08-09 03:28:00+00:00,9.42,9.41,-0.009999999999999787,-0.0010615711252653702,False,False
TRUMP,15,87736,2025-08-09 03:17:25+00:00,realDonaldTrump,BUY,0.9,5,2025-08-09 03:18:00+00:00,2025-08-09 03:33:00+00:00,9.42,9.4,-0.019999999999999574,-0.0021231422505307404,False,False
TRUMP,30,87736,2025-08-09 03:17:25+00:00,realDonaldTrump,BUY,0.9,5,2025-08-09 03:18:00+00:00,2025-08-09 03:48:00+00:00,9.42,9.38,-0.03999999999999915,-0.004246284501061481,False,False
TRUMP,60,87736,2025-08-09 03:17:25+00:00,realDonaldTrump,BUY,0.9,5,2025-08-09 03:18:00+00:00,2025-08-09 04:18:00+00:00,9.42,9.42,0.0,0.0,True,
TRUMP,120,87736,2025-08-09 03:17:25+00:00,realDonaldTrump,BUY,0.9,5,2025-08-09 03:18:00+00:00,2025-08-09 05:18:00+00:00,9.42,9.51,0.08999999999999986,0.00955414012738852,False,True
TRUMP,360,87736,2025-08-09 03:17:25+00:00,realDonaldTrump,BUY,0.9,5,2025-08-09 03:18:00+00:00,2025-08-09 09:18:00+00:00,9.42,9.63,0.21000000000000085,0.02229299363057334,False,True
TRUMP,720,87736,2025-08-09 03:17:25+00:00,realDonaldTrump,BUY,0.9,5,2025-08-09 03:18:00+00:00,2025-08-09 15:18:00+00:00,9.42,9.57,0.15000000000000036,0.01592356687898093,False,True
TRUMP,1440,87736,2025-08-09 03:17:25+00:00,realDonaldTrump,BUY,0.9,5,2025-08-09 03:18:00+00:00,2025-08-10 03:18:00+00:00,9.42,9.58,0.16000000000000014,0.016985138004246298,False,True
TRUMP,1,87745,2025-08-09 03:21:53+00:00,realDonaldTrump,BUY,0.9,5,2025-08-09 03:22:00+00:00,2025-08-09 03:23:00+00:00,9.42,9.41,-0.009999999999999787,-0.0010615711252653702,False,False
TRUMP,3,87745,2025-08-09 03:21:53+00:00,realDonaldTrump,BUY,0.9,5,2025-08-09 03:22:00+00:00,2025-08-09 03:25:00+00:00,9.42,9.41,-0.009999999999999787,-0.0010615711252653702,False,False
TRUMP,5,87745,2025-08-09 03:21:53+00:00,realDonaldTrump,BUY,0.9,5,2025-08-09 03:22:00+00:00,2025-08-09 03:27:00+00:00,9.42,9.41,-0.009999999999999787,-0.0010615711252653702,False,False
TRUMP,10,87745,2025-08-09 03:21:53+00:00,realDonaldTrump,BUY,0.9,5,2025-08-09 03:22:00+00:00,2025-08-09 03:32:00+00:00,9.42,9.4,-0.019999999999999574,-0.0021231422505307404,False,False
TRUMP,15,87745,2025-08-09 03:21:53+00:00,realDonaldTrump,BUY,0.9,5,2025-08-09 03:22:00+00:00,2025-08-09 03:37:00+00:00,9.42,9.4,-0.019999999999999574,-0.0021231422505307404,False,False
TRUMP,30,87745,2025-08-09 03:21:53+00:00,realDonaldTrump,BUY,0.9,5,2025-08-09 03:22:00+00:00,2025-08-09 03:52:00+00:00,9.42,9.39,-0.02999999999999936,-0.0031847133757961104,False,False
TRUMP,60,87745,2025-08-09 03:21:53+00:00,realDonaldTrump,BUY,0.9,5,2025-08-09 03:22:00+00:00,2025-08-09 04:22:00+00:00,9.42,9.42,0.0,0.0,True,
TRUMP,120,87745,2025-08-09 03:21:53+00:00,realDonaldTrump,BUY,0.9,5,2025-08-09 03:22:00+00:00,2025-08-09 05:22:00+00:00,9.42,9.55,0.13000000000000078,0.01380042462845019,False,True
TRUMP,360,87745,2025-08-09 03:21:53+00:00,realDonaldTrump,BUY,0.9,5,2025-08-09 03:22:00+00:00,2025-08-09 09:22:00+00:00,9.42,9.62,0.1999999999999993,0.02123142250530778,False,True
TRUMP,720,87745,2025-08-09 03:21:53+00:00,realDonaldTrump,BUY,0.9,5,2025-08-09 03:22:00+00:00,2025-08-09 15:22:00+00:00,9.42,9.51,0.08999999999999986,0.00955414012738852,False,True
TRUMP,1440,87745,2025-08-09 03:21:53+00:00,realDonaldTrump,BUY,0.9,5,2025-08-09 03:22:00+00:00,2025-08-10 03:22:00+00:00,9.42,9.62,0.1999999999999993,0.02123142250530778,False,True
TRUMP,1,88815,2025-10-14 05:00:30+00:00,realDonaldTrump,BUY,0.8,4,2025-10-14 05:01:00+00:00,2025-10-14 05:02:00+00:00,6.31,6.3,-0.009999999999999787,-0.001584786053882692,False,False
TRUMP,3,88815,2025-10-14 05:00:30+00:00,realDonaldTrump,BUY,0.8,4,2025-10-14 05:01:00+00:00,2025-10-14 05:04:00+00:00,6.31,6.33,0.020000000000000462,0.003169572107765525,False,True
TRUMP,5,88815,2025-10-14 05:00:30+00:00,realDonaldTrump,BUY,0.8,4,2025-10-14 05:01:00+00:00,2025-10-14 05:06:00+00:00,6.31,6.33,0.020000000000000462,0.003169572107765525,False,True
TRUMP,10,88815,2025-10-14 05:00:30+00:00,realDonaldTrump,BUY,0.8,4,2025-10-14 05:01:00+00:00,2025-10-14 05:11:00+00:00,6.31,6.33,0.020000000000000462,0.003169572107765525,False,True
TRUMP,15,88815,2025-10-14 05:00:30+00:00,realDonaldTrump,BUY,0.8,4,2025-10-14 05:01:00+00:00,2025-10-14 05:16:00+00:00,6.31,6.34,0.03000000000000025,0.004754358161648218,False,True
TRUMP,30,88815,2025-10-14 05:00:30+00:00,realDonaldTrump,BUY,0.8,4,2025-10-14 05:01:00+00:00,2025-10-14 05:31:00+00:00,6.31,6.32,0.010000000000000675,0.001584786053882833,False,True
TRUMP,60,88815,2025-10-14 05:00:30+00:00,realDonaldTrump,BUY,0.8,4,2025-10-14 05:01:00+00:00,2025-10-14 06:01:00+00:00,6.31,6.28,-0.02999999999999936,-0.004754358161648076,False,False
TRUMP,120,88815,2025-10-14 05:00:30+00:00,realDonaldTrump,BUY,0.8,4,2025-10-14 05:01:00+00:00,2025-10-14 07:01:00+00:00,6.31,6.185,-0.125,-0.019809825673534075,False,False
TRUMP,360,88815,2025-10-14 05:00:30+00:00,realDonaldTrump,BUY,0.8,4,2025-10-14 05:01:00+00:00,2025-10-14 11:01:00+00:00,6.31,6.194,-0.11599999999999966,-0.01838351822503957,False,False
TRUMP,720,88815,2025-10-14 05:00:30+00:00,realDonaldTrump,BUY,0.8,4,2025-10-14 05:01:00+00:00,2025-10-14 17:01:00+00:00,6.31,6.229,-0.08099999999999952,-0.012836767036450003,False,False
TRUMP,1440,88815,2025-10-14 05:00:30+00:00,realDonaldTrump,BUY,0.8,4,2025-10-14 05:01:00+00:00,2025-10-15 05:01:00+00:00,6.31,6.301,-0.008999999999999453,-0.0014263074484943666,False,False
TRUMP,1,89123,2025-11-03 00:50:37+00:00,realDonaldTrump,SELL,0.7,4,2025-11-03 00:51:00+00:00,2025-11-03 00:52:00+00:00,7.496,7.488,-0.008000000000000007,-0.0010672358591248675,False,True
TRUMP,3,89123,2025-11-03 00:50:37+00:00,realDonaldTrump,SELL,0.7,4,2025-11-03 00:51:00+00:00,2025-11-03 00:54:00+00:00,7.496,7.478,-0.018000000000000682,-0.0024012806830310406,False,True
TRUMP,5,89123,2025-11-03 00:50:37+00:00,realDonaldTrump,SELL,0.7,4,2025-11-03 00:51:00+00:00,2025-11-03 00:56:00+00:00,7.496,7.461,-0.03500000000000014,-0.00466915688367131,False,True
TRUMP,10,89123,2025-11-03 00:50:37+00:00,realDonaldTrump,SELL,0.7,4,2025-11-03 00:51:00+00:00,2025-11-03 01:01:00+00:00,7.496,7.487,-0.009000000000000341,-0.0012006403415155203,False,True
TRUMP,15,89123,2025-11-03 00:50:37+00:00,realDonaldTrump,SELL,0.7,4,2025-11-03 00:51:00+00:00,2025-11-03 01:06:00+00:00,7.496,7.521,0.024999999999999467,0.0033351120597651367,False,False
TRUMP,30,89123,2025-11-03 00:50:37+00:00,realDonaldTrump,SELL,0.7,4,2025-11-03 00:51:00+00:00,2025-11-03 01:21:00+00:00,7.496,7.496,0.0,0.0,True,
TRUMP,60,89123,2025-11-03 00:50:37+00:00,realDonaldTrump,SELL,0.7,4,2025-11-03 00:51:00+00:00,2025-11-03 01:51:00+00:00,7.496,7.514,0.017999999999999794,0.002401280683030922,False,False
TRUMP,120,89123,2025-11-03 00:50:37+00:00,realDonaldTrump,SELL,0.7,4,2025-11-03 00:51:00+00:00,2025-11-03 02:51:00+00:00,7.496,7.57,0.07399999999999984,0.009871931696904994,False,False
TRUMP,360,89123,2025-11-03 00:50:37+00:00,realDonaldTrump,SELL,0.7,4,2025-11-03 00:51:00+00:00,2025-11-03 06:51:00+00:00,7.496,7.952,0.4559999999999995,0.06083244397011733,False,False
TRUMP,720,89123,2025-11-03 00:50:37+00:00,realDonaldTrump,SELL,0.7,4,2025-11-03 00:51:00+00:00,2025-11-03 12:51:00+00:00,7.496,7.617,0.12099999999999955,0.016141942369263546,False,False
TRUMP,1440,89123,2025-11-03 00:50:37+00:00,realDonaldTrump,SELL,0.7,4,2025-11-03 00:51:00+00:00,2025-11-04 00:51:00+00:00,7.496,7.266,-0.23000000000000043,-0.03068303094983997,False,True
