coin,minutes,period,total_rows,average_price_change_rate_percent
BTC,1,overall,870180,0.076847
BTC,1,2017-12,44561,0.189415
BTC,1,2018-01,44513,0.181847
BTC,1,2018-03,44639,0.111655
BTC,1,2018-06,42492,0.052682
BTC,1,2019-02,40320,0.034871
BTC,1,2019-03,44278,0.027795
BTC,1,2019-06,43137,0.086156
BTC,1,2019-11,42934,0.051885
BTC,1,2019-12,44639,0.045838
BTC,1,2020-02,41343,0.051776
BTC,1,2020-05,44639,0.066666
BTC,1,2020-07,44640,0.02979
BTC,1,2020-08,44640,0.045053
BTC,1,2020-09,43200,0.046115
BTC,1,2020-10,44640,0.036601
BTC,1,2020-11,43139,0.071337
BTC,1,2020-12,44348,0.072136
BTC,1,2021-01,44640,0.138882
BTC,1,2021-02,40239,0.108857
BTC,1,2022-06,43199,0.082088
BTC,3,overall,870126,0.132021
BTC,3,2017-12,44555,0.336204
BTC,3,2018-01,44509,0.305151
BTC,3,2018-03,44637,0.190356
BTC,3,2018-06,42486,0.088129
BTC,3,2019-02,40320,0.061345
BTC,3,2019-03,44274,0.04669
BTC,3,2019-06,43133,0.148938
BTC,3,2019-11,42928,0.085624
BTC,3,2019-12,44637,0.076679
BTC,3,2020-02,41337,0.089787
BTC,3,2020-05,44637,0.114218
BTC,3,2020-07,44640,0.052769
BTC,3,2020-08,44640,0.079206
BTC,3,2020-09,43200,0.079832
BTC,3,2020-10,44640,0.064263
BTC,3,2020-11,43137,0.121563
BTC,3,2020-12,44344,0.124878
BTC,3,2021-01,44640,0.241483
BTC,3,2021-02,40235,0.181547
BTC,3,2022-06,43197,0.141776
BTC,5,overall,870074,0.169497
BTC,5,2017-12,44549,0.439362
BTC,5,2018-01,44505,0.388913
BTC,5,2018-03,44635,0.2481
BTC,5,2018-06,42480,0.112775
BTC,5,2019-02,40320,0.077052
BTC,5,2019-03,44270,0.059311
BTC,5,2019-06,43129,0.189587
BTC,5,2019-11,42924,0.10907
BTC,5,2019-12,44635,0.096743
BTC,5,2020-02,41331,0.114782
BTC,5,2020-05,44635,0.146081
BTC,5,2020-07,44640,0.068565
BTC,5,2020-08,44640,0.102092
BTC,5,2020-09,43200,0.102135
BTC,5,2020-10,44640,0.083196
BTC,5,2020-11,43135,0.154844
BTC,5,2020-12,44340,0.16106
BTC,5,2021-01,44640,0.307889
BTC,5,2021-02,40231,0.232591
BTC,5,2022-06,43195,0.182627
BTC,10,overall,869944,0.236789
BTC,10,2017-12,44534,0.623494
BTC,10,2018-01,44495,0.552566
BTC,10,2018-03,44630,0.344536
BTC,10,2018-06,42465,0.155985
BTC,10,2019-02,40320,0.103983
BTC,10,2019-03,44260,0.082869
BTC,10,2019-06,43119,0.263267
BTC,10,2019-11,42914,0.149014
BTC,10,2019-12,44630,0.129913
BTC,10,2020-02,41316,0.15393
BTC,10,2020-05,44630,0.199933
BTC,10,2020-07,44640,0.095699
BTC,10,2020-08,44640,0.138414
BTC,10,2020-09,43200,0.141875
BTC,10,2020-10,44640,0.117808
BTC,10,2020-11,43130,0.217006
BTC,10,2020-12,44330,0.225449
BTC,10,2021-01,44640,0.433181
BTC,10,2021-02,40221,0.331183
BTC,10,2022-06,43190,0.25705
BTC,15,overall,869814,0.287995
BTC,15,2017-12,44519,0.758753
BTC,15,2018-01,44485,0.678971
BTC,15,2018-03,44625,0.414729
BTC,15,2018-06,42450,0.188616
BTC,15,2019-02,40320,0.124985
BTC,15,2019-03,44250,0.100249
BTC,15,2019-06,43109,0.320492
BTC,15,2019-11,42904,0.17925
BTC,15,2019-12,44625,0.155793
BTC,15,2020-02,41301,0.183796
BTC,15,2020-05,44625,0.242685
BTC,15,2020-07,44640,0.116194
BTC,15,2020-08,44640,0.16657
BTC,15,2020-09,43200,0.172219
BTC,15,2020-10,44640,0.143612
BTC,15,2020-11,43125,0.264422
BTC,15,2020-12,44320,0.272042
BTC,15,2021-01,44640,0.531823
BTC,15,2021-02,40211,0.404166
BTC,15,2022-06,43185,0.317791
BTC,30,overall,869424,0.403485
BTC,30,2017-12,44474,1.078331
BTC,30,2018-01,44455,0.960463
BTC,30,2018-03,44610,0.589027
BTC,30,2018-06,42405,0.268501
BTC,30,2019-02,40320,0.174222
BTC,30,2019-03,44220,0.136999
BTC,30,2019-06,43079,0.446402
BTC,30,2019-11,42874,0.250252
BTC,30,2019-12,44610,0.217325
BTC,30,2020-02,41256,0.255104
BTC,30,2020-05,44610,0.336338
BTC,30,2020-07,44640,0.161444
BTC,30,2020-08,44640,0.228647
BTC,30,2020-09,43200,0.23785
BTC,30,2020-10,44640,0.196898
BTC,30,2020-11,43110,0.369858
BTC,30,2020-12,44290,0.37514
BTC,30,2021-01,44640,0.746387
BTC,30,2021-02,40181,0.553312
BTC,30,2022-06,43170,0.454642
BTC,60,overall,868644,0.563515
BTC,60,2017-12,44384,1.506685
BTC,60,2018-01,44395,1.340213
BTC,60,2018-03,44580,0.839709
BTC,60,2018-06,42315,0.388872
BTC,60,2019-02,40320,0.241978
BTC,60,2019-03,44160,0.184055
BTC,60,2019-06,43019,0.640842
BTC,60,2019-11,42814,0.353522
BTC,60,2019-12,44580,0.30398
BTC,60,2020-02,41166,0.349163
BTC,60,2020-05,44580,0.462016
BTC,60,2020-07,44640,0.218341
BTC,60,2020-08,44640,0.312749
BTC,60,2020-09,43200,0.330182
BTC,60,2020-10,44640,0.273431
BTC,60,2020-11,43080,0.518775
BTC,60,2020-12,44230,0.527102
BTC,60,2021-01,44640,1.025828
BTC,60,2021-02,40121,0.763214
BTC,60,2022-06,43140,0.645999
ETH,1,overall,1831282,0.091827
ETH,1,2017-09,42779,0.169652
ETH,1,2017-10,44640,0.131827
ETH,1,2017-11,43200,0.159604
ETH,1,2017-12,44561,0.199588
ETH,1,2018-01,44514,0.18996
ETH,1,2018-02,38258,0.153853
ETH,1,2018-03,44640,0.108093
ETH,1,2018-04,43200,0.096998
ETH,1,2018-05,44640,0.093575
ETH,1,2018-06,42493,0.075783
ETH,1,2018-07,44182,0.057942
ETH,1,2018-08,44640,0.070859
ETH,1,2018-09,43200,0.097339
ETH,1,2018-10,44429,0.045659
ETH,1,2018-11,42779,0.085327
ETH,1,2018-12,44640,0.108077
ETH,1,2019-01,44640,0.061177
ETH,1,2019-02,40320,0.058803
ETH,1,2019-03,44279,0.044022
ETH,1,2019-04,43200,0.066555
ETH,1,2019-05,44039,0.098638
ETH,1,2019-06,43138,0.082101
ETH,1,2019-07,44640,0.087467
ETH,1,2019-08,44159,0.057536
ETH,1,2019-09,43200,0.063252
ETH,1,2019-10,44640,0.063881
ETH,1,2019-11,42934,0.055259
ETH,1,2019-12,44640,0.048843
ETH,1,2020-01,44640,0.066666
ETH,1,2020-02,41344,0.096465
ETH,1,2020-03,44511,0.144734
ETH,1,2020-04,43049,0.081584
ETH,1,2020-05,44640,0.0674
ETH,1,2020-06,42989,0.046118
ETH,1,2020-07,44640,0.046649
ETH,1,2020-08,44640,0.075528
ETH,1,2020-09,43200,0.09105
ETH,1,2020-10,44640,0.049971
ETH,1,2020-11,43139,0.085803
ETH,1,2020-12,44347,0.084339
ETH,1,2021-01,44640,0.172281
ETH,1,2021-02,40239,0.124007
ETH,3,overall,1831222,0.156507
ETH,3,2017-09,42777,0.303419
ETH,3,2017-10,44640,0.189017
ETH,3,2017-11,43200,0.230819
ETH,3,2017-12,44555,0.332784
ETH,3,2018-01,44512,0.328712
ETH,3,2018-02,38252,0.255257
ETH,3,2018-03,44640,0.187893
ETH,3,2018-04,43200,0.161356
ETH,3,2018-05,44640,0.163149
ETH,3,2018-06,42489,0.129911
ETH,3,2018-07,44180,0.096239
ETH,3,2018-08,44640,0.12601
ETH,3,2018-09,43200,0.173631
ETH,3,2018-10,44427,0.074367
ETH,3,2018-11,42777,0.148566
ETH,3,2018-12,44640,0.193341
ETH,3,2019-01,44640,0.110063
ETH,3,2019-02,40320,0.106756
ETH,3,2019-03,44277,0.074126
ETH,3,2019-04,43200,0.116751
ETH,3,2019-05,44037,0.167907
ETH,3,2019-06,43136,0.142293
ETH,3,2019-07,44640,0.153108
ETH,3,2019-08,44157,0.098383
ETH,3,2019-09,43200,0.109776
ETH,3,2019-10,44640,0.108986
ETH,3,2019-11,42928,0.095399
ETH,3,2019-12,44640,0.084375
ETH,3,2020-01,44640,0.115477
ETH,3,2020-02,41340,0.167244
ETH,3,2020-03,44509,0.245266
ETH,3,2020-04,43047,0.140389
ETH,3,2020-05,44640,0.116289
ETH,3,2020-06,42987,0.08195
ETH,3,2020-07,44640,0.082278
ETH,3,2020-08,44640,0.132385
ETH,3,2020-09,43200,0.158465
ETH,3,2020-10,44640,0.086335
ETH,3,2020-11,43137,0.145371
ETH,3,2020-12,44343,0.144589
ETH,3,2021-01,44640,0.299984
ETH,3,2021-02,40235,0.207194
ETH,5,overall,1831164,0.201666
ETH,5,2017-09,42775,0.391277
ETH,5,2017-10,44640,0.223481
ETH,5,2017-11,43200,0.275527
ETH,5,2017-12,44549,0.427407
ETH,5,2018-01,44510,0.427054
ETH,5,2018-02,38246,0.329123
ETH,5,2018-03,44640,0.249011
ETH,5,2018-04,43200,0.206273
ETH,5,2018-05,44640,0.214083
ETH,5,2018-06,42485,0.16927
ETH,5,2018-07,44178,0.123335
ETH,5,2018-08,44640,0.167043
ETH,5,2018-09,43200,0.228435
ETH,5,2018-10,44425,0.095094
ETH,5,2018-11,42775,0.1943
ETH,5,2018-12,44640,0.253895
ETH,5,2019-01,44640,0.145947
ETH,5,2019-02,40320,0.137733
ETH,5,2019-03,44275,0.093909
ETH,5,2019-04,43200,0.149332
ETH,5,2019-05,44035,0.220779
ETH,5,2019-06,43134,0.180919
ETH,5,2019-07,44640,0.197591
ETH,5,2019-08,44155,0.127446
ETH,5,2019-09,43200,0.144372
ETH,5,2019-10,44640,0.141106
ETH,5,2019-11,42924,0.124916
ETH,5,2019-12,44640,0.108491
ETH,5,2020-01,44640,0.150819
ETH,5,2020-02,41336,0.215858
ETH,5,2020-03,44507,0.317201
ETH,5,2020-04,43045,0.181567
ETH,5,2020-05,44640,0.149638
ETH,5,2020-06,42985,0.106485
ETH,5,2020-07,44640,0.108199
ETH,5,2020-08,44640,0.171734
ETH,5,2020-09,43200,0.203944
ETH,5,2020-10,44640,0.111542
ETH,5,2020-11,43135,0.184458
ETH,5,2020-12,44339,0.187297
ETH,5,2021-01,44640,0.382823
ETH,5,2021-02,40231,0.266934
ETH,10,overall,1831019,0.283505
ETH,10,2017-09,42770,0.541009
ETH,10,2017-10,44640,0.283978
ETH,10,2017-11,43200,0.356018
ETH,10,2017-12,44534,0.601281
ETH,10,2018-01,44505,0.619846
ETH,10,2018-02,38231,0.470546
ETH,10,2018-03,44640,0.353949
ETH,10,2018-04,43200,0.285869
ETH,10,2018-05,44640,0.30669
ETH,10,2018-06,42475,0.242168
ETH,10,2018-07,44173,0.176974
ETH,10,2018-08,44640,0.244422
ETH,10,2018-09,43200,0.327005
ETH,10,2018-10,44420,0.133625
ETH,10,2018-11,42770,0.27923
ETH,10,2018-12,44640,0.366918
ETH,10,2019-01,44640,0.208507
ETH,10,2019-02,40320,0.191955
ETH,10,2019-03,44270,0.132146
ETH,10,2019-04,43200,0.211158
ETH,10,2019-05,44030,0.313484
ETH,10,2019-06,43129,0.252509
ETH,10,2019-07,44640,0.27699
ETH,10,2019-08,44150,0.179805
ETH,10,2019-09,43200,0.204678
ETH,10,2019-10,44640,0.197002
ETH,10,2019-11,42914,0.176998
ETH,10,2019-12,44640,0.148819
ETH,10,2020-01,44640,0.210708
ETH,10,2020-02,41326,0.301468
ETH,10,2020-03,44502,0.444994
ETH,10,2020-04,43040,0.255821
ETH,10,2020-05,44640,0.207233
ETH,10,2020-06,42980,0.149779
ETH,10,2020-07,44640,0.153317
ETH,10,2020-08,44640,0.237998
ETH,10,2020-09,43200,0.287103
ETH,10,2020-10,44640,0.159466
ETH,10,2020-11,43130,0.259825
ETH,10,2020-12,44329,0.263605
ETH,10,2021-01,44640,0.53534
ETH,10,2021-02,40221,0.379853
ETH,15,overall,1830874,0.345597
ETH,15,2017-09,42765,0.649611
ETH,15,2017-10,44640,0.32916
ETH,15,2017-11,43200,0.421526
ETH,15,2017-12,44519,0.732326
ETH,15,2018-01,44500,0.764882
ETH,15,2018-02,38216,0.575924
ETH,15,2018-03,44640,0.431111
ETH,15,2018-04,43200,0.348611
ETH,15,2018-05,44640,0.378609
ETH,15,2018-06,42465,0.297361
ETH,15,2018-07,44168,0.219267
ETH,15,2018-08,44640,0.302663
ETH,15,2018-09,43200,0.401183
ETH,15,2018-10,44415,0.164048
ETH,15,2018-11,42765,0.345035
ETH,15,2018-12,44640,0.45392
ETH,15,2019-01,44640,0.255254
ETH,15,2019-02,40320,0.234741
ETH,15,2019-03,44265,0.162341
ETH,15,2019-04,43200,0.25961
ETH,15,2019-05,44025,0.379725
ETH,15,2019-06,43124,0.310306
ETH,15,2019-07,44640,0.336484
ETH,15,2019-08,44145,0.219935
ETH,15,2019-09,43200,0.249374
ETH,15,2019-10,44640,0.239344
ETH,15,2019-11,42904,0.216144
ETH,15,2019-12,44640,0.178142
ETH,15,2020-01,44640,0.254783
ETH,15,2020-02,41316,0.365809
ETH,15,2020-03,44497,0.542718
ETH,15,2020-04,43035,0.313257
ETH,15,2020-05,44640,0.254126
ETH,15,2020-06,42975,0.183099
ETH,15,2020-07,44640,0.187376
ETH,15,2020-08,44640,0.286609
ETH,15,2020-09,43200,0.349488
ETH,15,2020-10,44640,0.19606
ETH,15,2020-11,43125,0.318948
ETH,15,2020-12,44319,0.318858
ETH,15,2021-01,44640,0.651215
ETH,15,2021-02,40211,0.46451
ETH,30,overall,1830439,0.488682
ETH,30,2017-09,42750,0.907847
ETH,30,2017-10,44640,0.429176
ETH,30,2017-11,43200,0.574047
ETH,30,2017-12,44474,1.053092
ETH,30,2018-01,44485,1.097029
ETH,30,2018-02,38171,0.822058
ETH,30,2018-03,44640,0.628111
ETH,30,2018-04,43200,0.513712
ETH,30,2018-05,44640,0.551934
ETH,30,2018-06,42435,0.43001
ETH,30,2018-07,44153,0.319753
ETH,30,2018-08,44640,0.441742
ETH,30,2018-09,43200,0.568571
ETH,30,2018-10,44400,0.234726
ETH,30,2018-11,42750,0.4926
ETH,30,2018-12,44640,0.651806
ETH,30,2019-01,44640,0.362306
ETH,30,2019-02,40320,0.338001
ETH,30,2019-03,44250,0.227672
ETH,30,2019-04,43200,0.368994
ETH,30,2019-05,44010,0.536825
ETH,30,2019-06,43109,0.430769
ETH,30,2019-07,44640,0.475932
ETH,30,2019-08,44130,0.314668
ETH,30,2019-09,43200,0.351857
ETH,30,2019-10,44640,0.336465
ETH,30,2019-11,42874,0.303438
ETH,30,2019-12,44640,0.249642
ETH,30,2020-01,44640,0.355063
ETH,30,2020-02,41286,0.518165
ETH,30,2020-03,44482,0.767077
ETH,30,2020-04,43020,0.436288
ETH,30,2020-05,44640,0.360346
ETH,30,2020-06,42960,0.257125
ETH,30,2020-07,44640,0.26089
ETH,30,2020-08,44640,0.402119
ETH,30,2020-09,43200,0.486273
ETH,30,2020-10,44640,0.270063
ETH,30,2020-11,43110,0.44762
ETH,30,2020-12,44289,0.43622
ETH,30,2021-01,44640,0.914687
ETH,30,2021-02,40181,0.640503
ETH,60,overall,1829595,0.688341
ETH,60,2017-09,42720,1.254274
ETH,60,2017-10,44640,0.570896
ETH,60,2017-11,43200,0.787111
ETH,60,2017-12,44384,1.484278
ETH,60,2018-01,44455,1.555256
ETH,60,2018-02,38107,1.18088
ETH,60,2018-03,44640,0.902383
ETH,60,2018-04,43200,0.757762
ETH,60,2018-05,44640,0.787345
ETH,60,2018-06,42375,0.6236
ETH,60,2018-07,44123,0.459465
ETH,60,2018-08,44640,0.643028
ETH,60,2018-09,43200,0.825352
ETH,60,2018-10,44370,0.340753
ETH,60,2018-11,42720,0.696065
ETH,60,2018-12,44640,0.938737
ETH,60,2019-01,44640,0.514308
ETH,60,2019-02,40320,0.487998
ETH,60,2019-03,44220,0.317905
ETH,60,2019-04,43200,0.516688
ETH,60,2019-05,43980,0.768445
ETH,60,2019-06,43079,0.608562
ETH,60,2019-07,44640,0.678756
ETH,60,2019-08,44100,0.449237
ETH,60,2019-09,43200,0.499637
ETH,60,2019-10,44640,0.470113
ETH,60,2019-11,42814,0.428646
ETH,60,2019-12,44640,0.356702
ETH,60,2020-01,44640,0.489445
ETH,60,2020-02,41226,0.71501
ETH,60,2020-03,44452,1.057183
ETH,60,2020-04,42990,0.609429
ETH,60,2020-05,44640,0.495308
ETH,60,2020-06,42930,0.355164
ETH,60,2020-07,44640,0.355972
ETH,60,2020-08,44640,0.553752
ETH,60,2020-09,43200,0.67428
ETH,60,2020-10,44640,0.369932
ETH,60,2020-11,43080,0.620552
ETH,60,2020-12,44229,0.617888
ETH,60,2021-01,44640,1.269796
ETH,60,2021-02,40121,0.883772
SOL,1,overall,202598,0.184208
SOL,1,2020-08,29880,0.207963
SOL,1,2020-09,43200,0.216901
SOL,1,2020-10,44639,0.122034
SOL,1,2021-01,44640,0.213831
SOL,1,2021-02,40239,0.167582
SOL,3,overall,202592,0.315168
SOL,3,2020-08,29880,0.360251
SOL,3,2020-09,43200,0.375012
SOL,3,2020-10,44637,0.199068
SOL,3,2021-01,44640,0.366223
SOL,3,2021-02,40235,0.289592
SOL,5,overall,202586,0.40871
SOL,5,2020-08,29880,0.474799
SOL,5,2020-09,43200,0.485402
SOL,5,2020-10,44635,0.251997
SOL,5,2021-01,44640,0.474616
SOL,5,2021-02,40231,0.378013
SOL,10,overall,202571,0.593358
SOL,10,2020-08,29880,0.694733
SOL,10,2020-09,43200,0.699034
SOL,10,2020-10,44630,0.35864
SOL,10,2021-01,44640,0.690337
SOL,10,2021-02,40221,0.557356
SOL,15,overall,202556,0.738462
SOL,15,2020-08,29880,0.871653
SOL,15,2020-09,43200,0.866049
SOL,15,2020-10,44625,0.443421
SOL,15,2021-01,44640,0.855416
SOL,15,2021-02,40211,0.70001
SOL,30,overall,202511,1.074382
SOL,30,2020-08,29880,1.268875
SOL,30,2020-09,43200,1.239024
SOL,30,2020-10,44610,0.639979
SOL,30,2021-01,44640,1.257131
SOL,30,2021-02,40181,1.031995
SOL,60,overall,202421,1.532646
SOL,60,2020-08,29880,1.758809
SOL,60,2020-09,43200,1.722246
SOL,60,2020-10,44580,0.939506
SOL,60,2021-01,44640,1.782322
SOL,60,2021-02,40121,1.541325
DOGE,1,overall,2886271,0.09767
DOGE,1,2019-07,38160,0.083976
DOGE,1,2019-08,44159,0.048902
DOGE,1,2019-09,43200,0.056425
DOGE,1,2019-10,44640,0.067167
DOGE,1,2019-11,42934,0.05128
DOGE,1,2019-12,44640,0.050132
DOGE,1,2020-01,44640,0.056002
DOGE,1,2020-02,41344,0.086406
DOGE,1,2020-03,44511,0.118606
DOGE,1,2020-04,43049,0.06736
DOGE,1,2020-05,44640,0.07117
DOGE,1,2020-06,42989,0.047084
DOGE,1,2020-07,44640,0.125604
DOGE,1,2020-08,44640,0.090307
DOGE,1,2020-09,43200,0.083686
DOGE,1,2020-10,44640,0.054835
DOGE,1,2020-11,43139,0.114803
DOGE,1,2020-12,44347,0.118764
DOGE,1,2021-01,44640,0.348044
DOGE,1,2021-02,40240,0.272448
DOGE,1,2021-03,44549,0.095819
DOGE,1,2021-04,42764,0.297155
DOGE,1,2021-05,44640,0.266282
DOGE,1,2021-06,43200,0.156085
DOGE,1,2021-07,44640,0.102627
DOGE,1,2021-08,44369,0.122621
DOGE,1,2021-09,43079,0.100927
DOGE,1,2021-10,44640,0.121128
DOGE,1,2021-11,43200,0.089635
DOGE,1,2021-12,44640,0.102396
DOGE,1,2022-01,44640,0.102405
DOGE,1,2022-02,40320,0.085918
DOGE,1,2022-03,44640,0.081564
DOGE,1,2022-04,43200,0.103313
DOGE,1,2022-05,44640,0.121243
DOGE,1,2022-06,43200,0.10996
DOGE,1,2022-07,44640,0.079326
DOGE,1,2022-08,44640,0.080854
DOGE,1,2022-09,43200,0.065487
DOGE,1,2022-10,44640,0.086082
DOGE,1,2022-11,43200,0.143211
DOGE,1,2022-12,44640,0.060875
DOGE,1,2023-01,44640,0.072993
DOGE,1,2023-02,40320,0.060767
DOGE,1,2023-03,44559,0.069405
DOGE,1,2023-04,43200,0.075489
DOGE,1,2023-05,44640,0.038301
DOGE,1,2023-06,43200,0.049072
DOGE,1,2023-07,44640,0.062127
DOGE,1,2023-08,44640,0.0437
DOGE,1,2023-09,43200,0.031399
DOGE,1,2023-10,44640,0.040605
DOGE,1,2023-11,43200,0.080843
DOGE,1,2023-12,44640,0.074255
DOGE,1,2024-01,44640,0.067341
DOGE,1,2024-02,41760,0.060991
DOGE,1,2024-03,44640,0.171552
DOGE,1,2024-04,43200,0.117788
DOGE,1,2024-05,44640,0.089689
DOGE,1,2024-06,43200,0.060153
DOGE,1,2024-07,44640,0.081561
DOGE,1,2024-08,44640,0.082246
DOGE,1,2024-09,43200,0.066343
DOGE,1,2024-10,44640,0.089791
DOGE,1,2024-11,43200,0.168001
DOGE,1,2024-12,44639,0.111959
DOGE,3,overall,2886231,0.17253
DOGE,3,2019-07,38160,0.170015
DOGE,3,2019-08,44157,0.111638
DOGE,3,2019-09,43200,0.127722
DOGE,3,2019-10,44640,0.139742
DOGE,3,2019-11,42928,0.111831
DOGE,3,2019-12,44640,0.109448
DOGE,3,2020-01,44640,0.120024
DOGE,3,2020-02,41340,0.170205
DOGE,3,2020-03,44509,0.239378
DOGE,3,2020-04,43047,0.136149
DOGE,3,2020-05,44640,0.141209
DOGE,3,2020-06,42987,0.097517
DOGE,3,2020-07,44640,0.224674
DOGE,3,2020-08,44640,0.144208
DOGE,3,2020-09,43200,0.133259
DOGE,3,2020-10,44640,0.091203
DOGE,3,2020-11,43137,0.186744
DOGE,3,2020-12,44343,0.198407
DOGE,3,2021-01,44640,0.594732
DOGE,3,2021-02,40238,0.462704
DOGE,3,2021-03,44547,0.162273
DOGE,3,2021-04,42760,0.519647
DOGE,3,2021-05,44640,0.473536
DOGE,3,2021-06,43200,0.272978
DOGE,3,2021-07,44640,0.179325
DOGE,3,2021-08,44367,0.212571
DOGE,3,2021-09,43077,0.172521
DOGE,3,2021-10,44640,0.20839
DOGE,3,2021-11,43200,0.154838
DOGE,3,2021-12,44640,0.177056
DOGE,3,2022-01,44640,0.175597
DOGE,3,2022-02,40320,0.144441
DOGE,3,2022-03,44640,0.13193
DOGE,3,2022-04,43200,0.167726
DOGE,3,2022-05,44640,0.198574
DOGE,3,2022-06,43200,0.192254
DOGE,3,2022-07,44640,0.139466
DOGE,3,2022-08,44640,0.14212
DOGE,3,2022-09,43200,0.113756
DOGE,3,2022-10,44640,0.153301
DOGE,3,2022-11,43200,0.247671
DOGE,3,2022-12,44640,0.105085
DOGE,3,2023-01,44640,0.126948
DOGE,3,2023-02,40320,0.107054
DOGE,3,2023-03,44557,0.121529
DOGE,3,2023-04,43200,0.130437
DOGE,3,2023-05,44640,0.067699
DOGE,3,2023-06,43200,0.088365
DOGE,3,2023-07,44640,0.109082
DOGE,3,2023-08,44640,0.078476
DOGE,3,2023-09,43200,0.055446
DOGE,3,2023-10,44640,0.072163
DOGE,3,2023-11,43200,0.138366
DOGE,3,2023-12,44640,0.129737
DOGE,3,2024-01,44640,0.116637
DOGE,3,2024-02,41760,0.106816
DOGE,3,2024-03,44640,0.29706
DOGE,3,2024-04,43200,0.199998
DOGE,3,2024-05,44640,0.15455
DOGE,3,2024-06,43200,0.106431
DOGE,3,2024-07,44640,0.142037
DOGE,3,2024-08,44640,0.144215
DOGE,3,2024-09,43200,0.113129
DOGE,3,2024-10,44640,0.155864
DOGE,3,2024-11,43200,0.290006
DOGE,3,2024-12,44637,0.194995
DOGE,5,overall,2886193,0.222611
DOGE,5,2019-07,38160,0.224669
DOGE,5,2019-08,44155,0.15279
DOGE,5,2019-09,43200,0.177223
DOGE,5,2019-10,44640,0.186404
DOGE,5,2019-11,42924,0.151141
DOGE,5,2019-12,44640,0.146756
DOGE,5,2020-01,44640,0.159461
DOGE,5,2020-02,41336,0.22177
DOGE,5,2020-03,44507,0.315977
DOGE,5,2020-04,43045,0.177158
DOGE,5,2020-05,44640,0.179468
DOGE,5,2020-06,42985,0.125916
DOGE,5,2020-07,44640,0.289066
DOGE,5,2020-08,44640,0.177373
DOGE,5,2020-09,43200,0.163399
DOGE,5,2020-10,44640,0.110881
DOGE,5,2020-11,43135,0.233066
DOGE,5,2020-12,44339,0.252667
DOGE,5,2021-01,44640,0.761771
DOGE,5,2021-02,40236,0.590925
DOGE,5,2021-03,44545,0.209893
DOGE,5,2021-04,42756,0.66482
DOGE,5,2021-05,44640,0.612478
DOGE,5,2021-06,43200,0.353593
DOGE,5,2021-07,44640,0.231711
DOGE,5,2021-08,44365,0.274601
DOGE,5,2021-09,43075,0.222055
DOGE,5,2021-10,44640,0.268231
DOGE,5,2021-11,43200,0.20155
DOGE,5,2021-12,44640,0.225589
DOGE,5,2022-01,44640,0.225418
DOGE,5,2022-02,40320,0.18581
DOGE,5,2022-03,44640,0.165722
DOGE,5,2022-04,43200,0.21411
DOGE,5,2022-05,44640,0.254237
DOGE,5,2022-06,43200,0.251576
DOGE,5,2022-07,44640,0.182446
DOGE,5,2022-08,44640,0.180591
DOGE,5,2022-09,43200,0.145618
DOGE,5,2022-10,44640,0.198548
DOGE,5,2022-11,43200,0.317119
DOGE,5,2022-12,44640,0.135496
DOGE,5,2023-01,44640,0.163881
DOGE,5,2023-02,40320,0.139405
DOGE,5,2023-03,44555,0.157104
DOGE,5,2023-04,43200,0.167827
DOGE,5,2023-05,44640,0.086679
DOGE,5,2023-06,43200,0.114585
DOGE,5,2023-07,44640,0.141552
DOGE,5,2023-08,44640,0.102076
DOGE,5,2023-09,43200,0.071936
DOGE,5,2023-10,44640,0.095104
DOGE,5,2023-11,43200,0.179026
DOGE,5,2023-12,44640,0.16507
DOGE,5,2024-01,44640,0.149175
DOGE,5,2024-02,41760,0.138562
DOGE,5,2024-03,44640,0.38328
DOGE,5,2024-04,43200,0.258473
DOGE,5,2024-05,44640,0.199256
DOGE,5,2024-06,43200,0.137067
DOGE,5,2024-07,44640,0.183132
DOGE,5,2024-08,44640,0.188577
DOGE,5,2024-09,43200,0.147082
DOGE,5,2024-10,44640,0.199528
DOGE,5,2024-11,43200,0.371787
DOGE,5,2024-12,44635,0.254178
DOGE,10,overall,2886098,0.311426
DOGE,10,2019-07,38160,0.315326
DOGE,10,2019-08,44150,0.215046
DOGE,10,2019-09,43200,0.254232
DOGE,10,2019-10,44640,0.260972
DOGE,10,2019-11,42914,0.213847
DOGE,10,2019-12,44640,0.200077
DOGE,10,2020-01,44640,0.214977
DOGE,10,2020-02,41326,0.308542
DOGE,10,2020-03,44502,0.434069
DOGE,10,2020-04,43040,0.240575
DOGE,10,2020-05,44640,0.234578
DOGE,10,2020-06,42980,0.161613
DOGE,10,2020-07,44640,0.401
DOGE,10,2020-08,44640,0.233994
DOGE,10,2020-09,43200,0.218417
DOGE,10,2020-10,44640,0.145335
DOGE,10,2020-11,43130,0.318322
DOGE,10,2020-12,44329,0.352661
DOGE,10,2021-01,44640,1.07236
DOGE,10,2021-02,40231,0.824856
DOGE,10,2021-03,44540,0.290036
DOGE,10,2021-04,42746,0.920745
DOGE,10,2021-05,44640,0.853052
DOGE,10,2021-06,43200,0.497109
DOGE,10,2021-07,44640,0.324464
DOGE,10,2021-08,44360,0.386856
DOGE,10,2021-09,43070,0.305928
DOGE,10,2021-10,44640,0.380779
DOGE,10,2021-11,43200,0.283781
DOGE,10,2021-12,44640,0.314852
DOGE,10,2022-01,44640,0.320431
DOGE,10,2022-02,40320,0.264891
DOGE,10,2022-03,44640,0.233064
DOGE,10,2022-04,43200,0.300638
DOGE,10,2022-05,44640,0.351896
DOGE,10,2022-06,43200,0.360191
DOGE,10,2022-07,44640,0.256953
DOGE,10,2022-08,44640,0.250857
DOGE,10,2022-09,43200,0.208204
DOGE,10,2022-10,44640,0.284793
DOGE,10,2022-11,43200,0.447222
DOGE,10,2022-12,44640,0.191847
DOGE,10,2023-01,44640,0.232691
DOGE,10,2023-02,40320,0.196235
DOGE,10,2023-03,44550,0.220662
DOGE,10,2023-04,43200,0.239456
DOGE,10,2023-05,44640,0.122212
DOGE,10,2023-06,43200,0.16124
DOGE,10,2023-07,44640,0.202649
DOGE,10,2023-08,44640,0.144278
DOGE,10,2023-09,43200,0.099689
DOGE,10,2023-10,44640,0.135479
DOGE,10,2023-11,43200,0.250764
DOGE,10,2023-12,44640,0.233315
DOGE,10,2024-01,44640,0.210502
DOGE,10,2024-02,41760,0.197933
DOGE,10,2024-03,44640,0.541067
DOGE,10,2024-04,43200,0.36498
DOGE,10,2024-05,44640,0.284367
DOGE,10,2024-06,43200,0.196373
DOGE,10,2024-07,44640,0.262524
DOGE,10,2024-08,44640,0.269302
DOGE,10,2024-09,43200,0.206724
DOGE,10,2024-10,44640,0.281607
DOGE,10,2024-11,43200,0.523117
DOGE,10,2024-12,44630,0.357534
DOGE,15,overall,2886003,0.37831
DOGE,15,2019-07,38160,0.377762
DOGE,15,2019-08,44145,0.25324
DOGE,15,2019-09,43200,0.301763
DOGE,15,2019-10,44640,0.311516
DOGE,15,2019-11,42904,0.253808
DOGE,15,2019-12,44640,0.2324
DOGE,15,2020-01,44640,0.248554
DOGE,15,2020-02,41316,0.371985
DOGE,15,2020-03,44497,0.513035
DOGE,15,2020-04,43035,0.282761
DOGE,15,2020-05,44640,0.273402
DOGE,15,2020-06,42975,0.184768
DOGE,15,2020-07,44640,0.481615
DOGE,15,2020-08,44640,0.279534
DOGE,15,2020-09,43200,0.259226
DOGE,15,2020-10,44640,0.17152
DOGE,15,2020-11,43125,0.381031
DOGE,15,2020-12,44319,0.431611
DOGE,15,2021-01,44640,1.318519
DOGE,15,2021-02,40226,1.002436
DOGE,15,2021-03,44535,0.35235
DOGE,15,2021-04,42736,1.120171
DOGE,15,2021-05,44640,1.039629
DOGE,15,2021-06,43200,0.613096
DOGE,15,2021-07,44640,0.396626
DOGE,15,2021-08,44355,0.47554
DOGE,15,2021-09,43065,0.373731
DOGE,15,2021-10,44640,0.468899
DOGE,15,2021-11,43200,0.348349
DOGE,15,2021-12,44640,0.388817
DOGE,15,2022-01,44640,0.388219
DOGE,15,2022-02,40320,0.321428
DOGE,15,2022-03,44640,0.281294
DOGE,15,2022-04,43200,0.362436
DOGE,15,2022-05,44640,0.423947
DOGE,15,2022-06,43200,0.451427
DOGE,15,2022-07,44640,0.315832
DOGE,15,2022-08,44640,0.312823
DOGE,15,2022-09,43200,0.257896
DOGE,15,2022-10,44640,0.350431
DOGE,15,2022-11,43200,0.551511
DOGE,15,2022-12,44640,0.233476
DOGE,15,2023-01,44640,0.282914
DOGE,15,2023-02,40320,0.237693
DOGE,15,2023-03,44545,0.269417
DOGE,15,2023-04,43200,0.297468
DOGE,15,2023-05,44640,0.15132
DOGE,15,2023-06,43200,0.19898
DOGE,15,2023-07,44640,0.250075
DOGE,15,2023-08,44640,0.176436
DOGE,15,2023-09,43200,0.119893
DOGE,15,2023-10,44640,0.164665
DOGE,15,2023-11,43200,0.307011
DOGE,15,2023-12,44640,0.285417
DOGE,15,2024-01,44640,0.254289
DOGE,15,2024-02,41760,0.242125
DOGE,15,2024-03,44640,0.657128
DOGE,15,2024-04,43200,0.443758
DOGE,15,2024-05,44640,0.35051
DOGE,15,2024-06,43200,0.239543
DOGE,15,2024-07,44640,0.320382
DOGE,15,2024-08,44640,0.325188
DOGE,15,2024-09,43200,0.250481
DOGE,15,2024-10,44640,0.342829
DOGE,15,2024-11,43200,0.644204
DOGE,15,2024-12,44625,0.434368
DOGE,30,overall,2885718,0.524931
DOGE,30,2019-07,38160,0.507689
DOGE,30,2019-08,44130,0.332664
DOGE,30,2019-09,43200,0.397905
DOGE,30,2019-10,44640,0.419738
DOGE,30,2019-11,42874,0.33598
DOGE,30,2019-12,44640,0.295971
DOGE,30,2020-01,44640,0.315697
DOGE,30,2020-02,41286,0.509996
DOGE,30,2020-03,44482,0.693735
DOGE,30,2020-04,43020,0.374643
DOGE,30,2020-05,44640,0.362831
DOGE,30,2020-06,42960,0.234208
DOGE,30,2020-07,44640,0.671031
DOGE,30,2020-08,44640,0.384478
DOGE,30,2020-09,43200,0.347274
DOGE,30,2020-10,44640,0.224052
DOGE,30,2020-11,43110,0.524216
DOGE,30,2020-12,44289,0.610073
DOGE,30,2021-01,44640,1.864092
DOGE,30,2021-02,40211,1.393473
DOGE,30,2021-03,44520,0.488674
DOGE,30,2021-04,42706,1.563254
DOGE,30,2021-05,44640,1.430585
DOGE,30,2021-06,43200,0.866374
DOGE,30,2021-07,44640,0.559312
DOGE,30,2021-08,44340,0.665441
DOGE,30,2021-09,43050,0.525683
DOGE,30,2021-10,44640,0.657844
DOGE,30,2021-11,43200,0.472646
DOGE,30,2021-12,44640,0.537954
DOGE,30,2022-01,44640,0.536815
DOGE,30,2022-02,40320,0.445551
DOGE,30,2022-03,44640,0.384058
DOGE,30,2022-04,43200,0.511557
DOGE,30,2022-05,44640,0.593027
DOGE,30,2022-06,43200,0.656013
DOGE,30,2022-07,44640,0.446377
DOGE,30,2022-08,44640,0.439121
DOGE,30,2022-09,43200,0.352549
DOGE,30,2022-10,44640,0.494359
DOGE,30,2022-11,43200,0.78605
DOGE,30,2022-12,44640,0.331118
DOGE,30,2023-01,44640,0.394083
DOGE,30,2023-02,40320,0.332534
DOGE,30,2023-03,44530,0.383302
DOGE,30,2023-04,43200,0.420153
DOGE,30,2023-05,44640,0.214308
DOGE,30,2023-06,43200,0.285586
DOGE,30,2023-07,44640,0.353219
DOGE,30,2023-08,44640,0.248943
DOGE,30,2023-09,43200,0.162264
DOGE,30,2023-10,44640,0.232279
DOGE,30,2023-11,43200,0.421743
DOGE,30,2023-12,44640,0.394795
DOGE,30,2024-01,44640,0.348773
DOGE,30,2024-02,41760,0.345488
DOGE,30,2024-03,44640,0.925953
DOGE,30,2024-04,43200,0.624734
DOGE,30,2024-05,44640,0.485295
DOGE,30,2024-06,43200,0.333144
DOGE,30,2024-07,44640,0.446397
DOGE,30,2024-08,44640,0.445065
DOGE,30,2024-09,43200,0.355125
DOGE,30,2024-10,44640,0.484637
DOGE,30,2024-11,43200,0.901408
DOGE,30,2024-12,44610,0.611238
DOGE,60,overall,2885148,0.727944
DOGE,60,2019-07,38160,0.677647
DOGE,60,2019-08,44100,0.436349
DOGE,60,2019-09,43200,0.529648
DOGE,60,2019-10,44640,0.562566
DOGE,60,2019-11,42814,0.448091
DOGE,60,2019-12,44640,0.372195
DOGE,60,2020-01,44640,0.415373
DOGE,60,2020-02,41226,0.693916
DOGE,60,2020-03,44452,0.931361
DOGE,60,2020-04,42990,0.501662
DOGE,60,2020-05,44640,0.487011
DOGE,60,2020-06,42930,0.300517
DOGE,60,2020-07,44640,0.928141
DOGE,60,2020-08,44640,0.526832
DOGE,60,2020-09,43200,0.457382
DOGE,60,2020-10,44640,0.296627
DOGE,60,2020-11,43080,0.721302
DOGE,60,2020-12,44229,0.84844
DOGE,60,2021-01,44640,2.62587
DOGE,60,2021-02,40181,1.891712
DOGE,60,2021-03,44490,0.673262
DOGE,60,2021-04,42646,2.149077
DOGE,60,2021-05,44640,1.980364
DOGE,60,2021-06,43200,1.207155
DOGE,60,2021-07,44640,0.799833
DOGE,60,2021-08,44310,0.930311
DOGE,60,2021-09,43020,0.735319
DOGE,60,2021-10,44640,0.879127
DOGE,60,2021-11,43200,0.637297
DOGE,60,2021-12,44640,0.752839
DOGE,60,2022-01,44640,0.757288
DOGE,60,2022-02,40320,0.611567
DOGE,60,2022-03,44640,0.525769
DOGE,60,2022-04,43200,0.726588
DOGE,60,2022-05,44640,0.842643
DOGE,60,2022-06,43200,0.92862
DOGE,60,2022-07,44640,0.627005
DOGE,60,2022-08,44640,0.621813
DOGE,60,2022-09,43200,0.487592
DOGE,60,2022-10,44640,0.712264
DOGE,60,2022-11,43200,1.138839
DOGE,60,2022-12,44640,0.483507
DOGE,60,2023-01,44640,0.550388
DOGE,60,2023-02,40320,0.477983
DOGE,60,2023-03,44500,0.542424
DOGE,60,2023-04,43200,0.599099
DOGE,60,2023-05,44640,0.30084
DOGE,60,2023-06,43200,0.406605
DOGE,60,2023-07,44640,0.481861
DOGE,60,2023-08,44640,0.346142
DOGE,60,2023-09,43200,0.220719
DOGE,60,2023-10,44640,0.332158
DOGE,60,2023-11,43200,0.590382
DOGE,60,2023-12,44640,0.54692
DOGE,60,2024-01,44640,0.486917
DOGE,60,2024-02,41760,0.486892
DOGE,60,2024-03,44640,1.289668
DOGE,60,2024-04,43200,0.893748
DOGE,60,2024-05,44640,0.679322
DOGE,60,2024-06,43200,0.463073
DOGE,60,2024-07,44640,0.621031
DOGE,60,2024-08,44640,0.628364
DOGE,60,2024-09,43200,0.508631
DOGE,60,2024-10,44640,0.683405
DOGE,60,2024-11,43200,1.256667
DOGE,60,2024-12,44580,0.853138
