coin,tweet_group,minutes,total_tweets,tweets_with_price,missing_price,avg_price_change_rate_percent_after_tweets,avg_price_change_rate_percent_overall,avg_price_change_rate_percent_monthly,after_tweet_vs_usual_change_ratio_overall,after_tweet_vs_monthly_avg_change_ratio
DOGE,all_tweets,1,14682,13812,870,0.114807,0.097618,0.104356,1.176092,1.100148
DOGE,all_tweets,3,14682,13811,871,0.200541,0.172272,0.184416,1.164096,1.087441
DOGE,all_tweets,5,14682,13810,872,0.262594,0.222284,0.237641,1.181348,1.105006
DOGE,all_tweets,10,14682,13809,873,0.361025,0.311139,0.331563,1.160333,1.088857
DOGE,all_tweets,15,14682,13809,873,0.434959,0.378116,0.402489,1.150333,1.080674
DOGE,all_tweets,30,14682,13808,874,0.611546,0.525134,0.558693,1.164552,1.0946
DOGE,all_tweets,60,14682,13804,878,0.836222,0.728668,0.776735,1.147604,1.076587
DOGE,all_tweets,120,14682,13798,884,1.16827,1.016501,1.084746,1.149305,1.076999
DOGE,all_tweets,360,14682,13782,900,1.957574,1.751764,1.863507,1.117487,1.050479
DOGE,all_tweets,720,14682,13807,875,2.767237,2.534799,2.690521,1.091699,1.028513
DOGE,all_tweets,1440,14682,13796,886,4.447949,3.847859,4.117919,1.155954,1.080145
DOGE,buy_sell_tweets,1,1939,1826,113,0.148623,0.097618,0.109594,1.522505,1.356132
DOGE,buy_sell_tweets,3,1939,1826,113,0.256491,0.172272,0.19322,1.488874,1.327454
DOGE,buy_sell_tweets,5,1939,1826,113,0.336711,0.222284,0.248803,1.514778,1.353321
DOGE,buy_sell_tweets,10,1939,1826,113,0.446219,0.311139,0.347048,1.43415,1.285757
DOGE,buy_sell_tweets,15,1939,1826,113,0.546318,0.378116,0.421529,1.444844,1.296041
DOGE,buy_sell_tweets,30,1939,1826,113,0.74156,0.525134,0.58553,1.412136,1.266478
DOGE,buy_sell_tweets,60,1939,1826,113,0.94373,0.728668,0.81404,1.295144,1.159317
DOGE,buy_sell_tweets,120,1939,1822,117,1.272475,1.016501,1.136178,1.251818,1.119961
DOGE,buy_sell_tweets,360,1939,1822,117,2.151253,1.751764,1.949275,1.228049,1.103617
DOGE,buy_sell_tweets,720,1939,1825,114,3.394504,2.534799,2.816949,1.339161,1.205029
DOGE,buy_sell_tweets,1440,1939,1821,118,5.935606,3.847859,4.345641,1.542574,1.365876
