coin,tweet_group,minutes,total_tweets,tweets_with_price,missing_price,average_tweet_price_change_rate_percent,normal_price_change_rate_percent,monthly_price_change_rate_percent,after_tweet_vs_usual_change_ratio_overall,after_tweet_vs_monthly_avg_change_ratio,percent_above_usual_change_overall,percent_above_monthly_avg_change
TRUMP,all_tweets,1,6392,6376,16,0.116935,0.10683,0.106256,1.094588,1.100501,40.824969,43.569636
TRUMP,all_tweets,3,6392,6376,16,0.188057,0.176649,0.176102,1.06458,1.06789,34.833752,36.18256
TRUMP,all_tweets,5,6392,6376,16,0.247189,0.225373,0.224825,1.096799,1.099472,34.488708,36.684442
TRUMP,all_tweets,10,6392,6376,16,0.344794,0.313475,0.312726,1.099909,1.102544,34.222083,37.672522
TRUMP,all_tweets,15,6392,6376,16,0.423481,0.381735,0.380841,1.109357,1.111964,34.520075,37.750941
TRUMP,all_tweets,30,6392,6376,16,0.602118,0.534992,0.533965,1.12547,1.127635,35.241531,38.03325
TRUMP,all_tweets,60,6392,6376,16,0.824935,0.746736,0.745586,1.104722,1.106426,31.665621,35.225847
TRUMP,all_tweets,120,6392,6376,16,1.169285,1.048762,1.04618,1.114919,1.117671,33.281054,36.18256
TRUMP,all_tweets,360,6392,6367,25,1.950143,1.864423,1.861414,1.045977,1.047667,32.935448,36.87765
TRUMP,all_tweets,720,6392,6360,32,2.72493,2.740567,2.738596,0.994294,0.99501,31.761006,34.748428
TRUMP,all_tweets,1440,6392,6359,33,3.904058,3.987367,3.97356,0.979107,0.982509,33.65309,37.128479
TRUMP,coin_related_tweets,1,152,151,1,0.171147,0.10683,0.117346,1.602056,1.458486,50.993377,54.966887
TRUMP,coin_related_tweets,3,152,151,1,0.281068,0.176649,0.194312,1.591111,1.446475,46.357616,40.397351
TRUMP,coin_related_tweets,5,152,151,1,0.342143,0.225373,0.248571,1.518121,1.376443,38.410596,38.410596
TRUMP,coin_related_tweets,10,152,151,1,0.528006,0.313475,0.346067,1.684365,1.525733,43.708609,44.370861
TRUMP,coin_related_tweets,15,152,151,1,0.574284,0.381735,0.421885,1.504405,1.361235,36.423841,43.046358
TRUMP,coin_related_tweets,30,152,151,1,0.713049,0.534992,0.592823,1.332822,1.202803,43.046358,39.072848
TRUMP,coin_related_tweets,60,152,151,1,0.846534,0.746736,0.829282,1.133646,1.020804,37.086093,31.125828
TRUMP,coin_related_tweets,120,152,151,1,1.269253,1.048762,1.164985,1.210239,1.089502,38.410596,39.735099
TRUMP,coin_related_tweets,360,152,151,1,2.239112,1.864423,2.07194,1.200968,1.080684,36.423841,36.423841
TRUMP,coin_related_tweets,720,152,151,1,2.444198,2.740567,3.055364,0.891859,0.79997,29.139073,29.139073
TRUMP,coin_related_tweets,1440,152,151,1,4.12953,3.987367,4.447261,1.035653,0.928556,31.788079,31.125828
TRUMP,buy_sell_tweets,1,42,41,1,0.197553,0.10683,0.124266,1.84923,1.58976,51.219512,63.414634
TRUMP,buy_sell_tweets,3,42,41,1,0.388742,0.176649,0.206472,2.200645,1.882784,51.219512,41.463415
TRUMP,buy_sell_tweets,5,42,41,1,0.520012,0.225373,0.26488,2.307339,1.963199,39.02439,39.02439
TRUMP,buy_sell_tweets,10,42,41,1,0.627464,0.313475,0.369533,2.001642,1.697991,41.463415,41.463415
TRUMP,buy_sell_tweets,15,42,41,1,0.838052,0.381735,0.451211,2.195374,1.857338,41.463415,41.463415
TRUMP,buy_sell_tweets,30,42,41,1,0.90021,0.534992,0.634192,1.682659,1.419459,46.341463,39.02439
TRUMP,buy_sell_tweets,60,42,41,1,1.090325,0.746736,0.887338,1.460121,1.228759,43.902439,31.707317
TRUMP,buy_sell_tweets,120,42,41,1,1.48503,1.048762,1.244994,1.415983,1.192801,43.902439,41.463415
TRUMP,buy_sell_tweets,360,42,41,1,2.640576,1.864423,2.204935,1.416296,1.197575,46.341463,41.463415
TRUMP,buy_sell_tweets,720,42,41,1,3.042425,2.740567,3.266106,1.110144,0.931515,43.902439,39.02439
TRUMP,buy_sell_tweets,1440,42,41,1,3.282369,3.987367,4.747913,0.823192,0.691329,29.268293,17.073171
