coin,tweet_group,minutes,total_tweets,tweets_with_price,tweets_with_month_average,missing_price,average_tweet_price_change_rate_percent,average_tweet_net_change_rate_percent,normal_price_change_rate_percent,monthly_price_change_rate_percent,tweet_change_vs_normal,tweet_change_vs_month,percent_above_normal,percent_above_month
BTC,all_tweets,1,328,326,326,2,0.130316,0.009468,0.076847,0.082108,1.6958,1.5871,47.55,51.23
BTC,all_tweets,3,328,326,326,2,0.174467,0.018317,0.132021,0.140475,1.3215,1.242,38.34,40.18
BTC,all_tweets,5,328,326,326,2,0.218001,0.040895,0.169497,0.179826,1.2862,1.2123,39.88,43.56
BTC,all_tweets,10,328,326,326,2,0.31225,0.063823,0.236789,0.253364,1.3187,1.2324,42.02,40.49
BTC,all_tweets,15,328,326,326,2,0.381251,0.056088,0.287995,0.309065,1.3238,1.2336,41.72,42.64
BTC,all_tweets,30,328,326,326,2,0.479126,0.09517,0.403485,0.428437,1.1875,1.1183,38.04,38.65
BTC,all_tweets,60,328,326,326,2,0.662672,0.060425,0.563515,0.593697,1.176,1.1162,40.18,40.18
BTC,coin_related_tweets,1,317,315,315,2,0.126376,0.012433,0.076847,0.082885,1.6445,1.5247,47.94,51.11
BTC,coin_related_tweets,3,317,315,315,2,0.16809,0.023831,0.132021,0.141795,1.2732,1.1854,38.73,40.0
BTC,coin_related_tweets,5,317,315,315,2,0.214869,0.043503,0.169497,0.181538,1.2677,1.1836,40.0,43.81
BTC,coin_related_tweets,10,317,315,315,2,0.31512,0.059001,0.236789,0.255873,1.3308,1.2316,42.86,41.27
BTC,coin_related_tweets,15,317,315,315,2,0.38099,0.050815,0.287995,0.312159,1.3229,1.2205,42.54,43.17
BTC,coin_related_tweets,30,317,315,315,2,0.486357,0.091453,0.403485,0.432707,1.2054,1.124,38.73,39.05
BTC,coin_related_tweets,60,317,315,315,2,0.67312,0.053287,0.563515,0.599649,1.1945,1.1225,40.95,41.27
BTC,buy_sell_tweets,1,242,240,240,2,0.126351,0.015742,0.076847,0.083349,1.6442,1.5159,51.67,52.5
BTC,buy_sell_tweets,3,242,240,240,2,0.171052,0.033154,0.132021,0.142733,1.2956,1.1984,40.83,41.67
BTC,buy_sell_tweets,5,242,240,240,2,0.216636,0.061043,0.169497,0.182721,1.2781,1.1856,41.25,44.58
BTC,buy_sell_tweets,10,242,240,240,2,0.312926,0.078093,0.236789,0.257598,1.3215,1.2148,42.08,39.17
BTC,buy_sell_tweets,15,242,240,240,2,0.3791,0.068418,0.287995,0.314355,1.3163,1.206,43.33,42.5
BTC,buy_sell_tweets,30,242,240,240,2,0.49803,0.127113,0.403485,0.435972,1.2343,1.1423,41.25,40.0
BTC,buy_sell_tweets,60,242,240,240,2,0.691161,0.110632,0.563515,0.604298,1.2265,1.1437,43.75,42.5
ETH,all_tweets,1,414,409,409,5,0.107701,0.007563,0.091827,0.09047,1.1729,1.1905,37.65,41.08
ETH,all_tweets,3,414,409,409,5,0.162284,0.017671,0.156507,0.152255,1.0369,1.0659,34.96,41.81
ETH,all_tweets,5,414,409,409,5,0.204277,0.016138,0.201666,0.195235,1.0129,1.0463,33.5,42.05
ETH,all_tweets,10,414,409,409,5,0.272702,0.015214,0.283505,0.272832,0.9619,0.9995,35.7,39.61
ETH,all_tweets,15,414,409,409,5,0.332828,0.022263,0.345597,0.332109,0.9631,1.0022,32.27,35.21
ETH,all_tweets,30,414,409,409,5,0.451989,0.011593,0.488682,0.469721,0.9249,0.9622,32.27,32.52
ETH,all_tweets,60,414,409,409,5,0.670674,0.020025,0.688341,0.661456,0.9743,1.0139,33.01,35.21
ETH,coin_related_tweets,1,319,314,314,5,0.110672,0.002351,0.091827,0.089995,1.2052,1.2298,38.22,41.4
ETH,coin_related_tweets,3,319,314,314,5,0.158306,0.018974,0.156507,0.151394,1.0115,1.0457,35.03,41.08
ETH,coin_related_tweets,5,319,314,314,5,0.204693,0.020625,0.201666,0.194057,1.015,1.0548,35.03,45.54
ETH,coin_related_tweets,10,319,314,314,5,0.27442,0.020055,0.283505,0.271058,0.968,1.0124,34.71,40.13
ETH,coin_related_tweets,15,319,314,314,5,0.343992,0.015275,0.345597,0.329822,0.9954,1.043,32.17,35.35
ETH,coin_related_tweets,30,319,314,314,5,0.466986,-0.00399,0.488682,0.465555,0.9556,1.0031,32.17,32.17
ETH,coin_related_tweets,60,319,314,314,5,0.703374,-0.0292,0.688341,0.654128,1.0218,1.0753,34.08,37.58
ETH,buy_sell_tweets,1,84,84,84,0,0.102526,-0.009964,0.091827,0.087621,1.1165,1.1701,29.76,38.1
ETH,buy_sell_tweets,3,84,84,84,0,0.15246,-0.010136,0.156507,0.149556,0.9741,1.0194,30.95,38.1
ETH,buy_sell_tweets,5,84,84,84,0,0.218851,-0.003837,0.201666,0.192804,1.0852,1.1351,40.48,51.19
ETH,buy_sell_tweets,10,84,84,84,0,0.291806,-0.008849,0.283505,0.2702,1.0293,1.08,35.71,40.48
ETH,buy_sell_tweets,15,84,84,84,0,0.35566,0.008713,0.345597,0.329041,1.0291,1.0809,34.52,35.71
ETH,buy_sell_tweets,30,84,84,84,0,0.494743,-0.029768,0.488682,0.463544,1.0124,1.0673,32.14,27.38
ETH,buy_sell_tweets,60,84,84,84,0,0.6504,-0.083437,0.688341,0.647519,0.9449,1.0044,27.38,33.33
SOL,all_tweets,1,27,11,11,16,0.345431,0.002891,0.184208,0.189251,1.8752,1.8253,54.55,63.64
SOL,all_tweets,3,27,11,11,16,0.42612,-0.03265,0.315168,0.325814,1.352,1.3079,36.36,36.36
SOL,all_tweets,5,27,11,11,16,0.50203,0.086529,0.40871,0.423188,1.2283,1.1863,36.36,45.45
SOL,all_tweets,10,27,11,11,16,0.643862,0.475249,0.593358,0.615388,1.0851,1.0463,36.36,36.36
SOL,all_tweets,15,27,11,11,16,0.750434,0.410816,0.738462,0.766793,1.0162,0.9787,36.36,54.55
SOL,all_tweets,30,27,11,11,16,1.260026,0.552565,1.074382,1.113642,1.1728,1.1314,45.45,54.55
SOL,all_tweets,60,27,11,11,16,1.610457,-0.217547,1.532646,1.594084,1.0508,1.0103,45.45,36.36
SOL,coin_related_tweets,1,24,10,10,14,0.376148,-0.000646,0.184208,0.191418,2.042,1.9651,60.0,70.0
SOL,coin_related_tweets,3,24,10,10,14,0.466728,-0.03391,0.315168,0.329436,1.4809,1.4167,40.0,40.0
SOL,coin_related_tweets,5,24,10,10,14,0.54786,0.099554,0.40871,0.427706,1.3405,1.2809,40.0,50.0
SOL,coin_related_tweets,10,24,10,10,14,0.705698,0.520223,0.593358,0.621191,1.1893,1.136,40.0,40.0
SOL,coin_related_tweets,15,24,10,10,14,0.820558,0.456817,0.738462,0.773472,1.1112,1.0609,40.0,60.0
SOL,coin_related_tweets,30,24,10,10,14,1.384936,0.606728,1.074382,1.121807,1.2891,1.2346,50.0,60.0
SOL,coin_related_tweets,60,24,10,10,14,1.743809,-0.211607,1.532646,1.59936,1.1378,1.0903,50.0,40.0
SOL,buy_sell_tweets,1,14,6,6,8,0.55697,-0.035815,0.184208,0.18465,3.0236,3.0164,83.33,100.0
SOL,buy_sell_tweets,3,14,6,6,8,0.624375,-0.122701,0.315168,0.317214,1.9811,1.9683,66.67,66.67
SOL,buy_sell_tweets,5,14,6,6,8,0.650727,0.020942,0.40871,0.410705,1.5921,1.5844,50.0,66.67
SOL,buy_sell_tweets,10,14,6,6,8,0.679656,0.434478,0.593358,0.595075,1.1454,1.1421,50.0,50.0
SOL,buy_sell_tweets,15,14,6,6,8,1.012309,0.471128,0.738462,0.740265,1.3708,1.3675,50.0,66.67
SOL,buy_sell_tweets,30,14,6,6,8,1.49385,0.474927,1.074382,1.070173,1.3904,1.3959,50.0,66.67
SOL,buy_sell_tweets,60,14,6,6,8,2.158831,-0.298823,1.532646,1.531482,1.4086,1.4096,66.67,50.0
DOGE,all_tweets,1,20820,13812,13812,7008,0.181762,0.039067,0.09767,0.104356,1.861,1.7417,45.38,45.06
DOGE,all_tweets,3,20820,13811,13811,7009,0.251218,0.052576,0.17253,0.184416,1.4561,1.3622,38.72,40.52
DOGE,all_tweets,5,20820,13811,13811,7009,0.30207,0.056434,0.222611,0.237639,1.3569,1.2711,36.86,38.1
DOGE,all_tweets,10,20820,13809,13809,7011,0.397297,0.06348,0.311426,0.331563,1.2757,1.1983,34.78,36.77
DOGE,all_tweets,15,20820,13809,13809,7011,0.470406,0.07148,0.37831,0.402489,1.2434,1.1687,33.81,36.14
DOGE,all_tweets,30,20820,13808,13808,7012,0.631326,0.08148,0.524931,0.558693,1.2027,1.13,32.48,34.73
DOGE,all_tweets,60,20820,13804,13804,7016,0.853464,0.087376,0.727944,0.776738,1.1724,1.0988,31.69,33.84
DOGE,coin_related_tweets,1,4833,3315,3315,1518,0.248837,0.098415,0.09767,0.108737,2.5477,2.2884,48.75,48.21
DOGE,coin_related_tweets,3,4833,3315,3315,1518,0.332517,0.122387,0.17253,0.19172,1.9273,1.7344,40.81,41.93
DOGE,coin_related_tweets,5,4833,3315,3315,1518,0.394931,0.125546,0.222611,0.2469,1.7741,1.5996,39.13,38.76
DOGE,coin_related_tweets,10,4833,3315,3315,1518,0.484425,0.124605,0.311426,0.344488,1.5555,1.4062,37.22,38.97
DOGE,coin_related_tweets,15,4833,3315,3315,1518,0.564112,0.131792,0.37831,0.418381,1.4911,1.3483,36.71,38.07
DOGE,coin_related_tweets,30,4833,3315,3315,1518,0.732575,0.158158,0.524931,0.581177,1.3956,1.2605,34.45,36.26
DOGE,coin_related_tweets,60,4833,3315,3315,1518,0.92888,0.121888,0.727944,0.808347,1.276,1.1491,34.21,35.48
DOGE,buy_sell_tweets,1,2607,1826,1826,781,0.290306,0.131568,0.09767,0.109594,2.9723,2.6489,49.01,48.8
DOGE,buy_sell_tweets,3,2607,1826,1826,781,0.38134,0.17357,0.17253,0.19322,2.2103,1.9736,42.22,43.26
DOGE,buy_sell_tweets,5,2607,1826,1826,781,0.45686,0.178316,0.222611,0.248803,2.0523,1.8362,40.85,40.53
DOGE,buy_sell_tweets,10,2607,1826,1826,781,0.54532,0.178536,0.311426,0.347048,1.751,1.5713,37.35,39.32
DOGE,buy_sell_tweets,15,2607,1826,1826,781,0.639845,0.191992,0.37831,0.421528,1.6913,1.5179,37.9,39.16
DOGE,buy_sell_tweets,30,2607,1826,1826,781,0.812335,0.222907,0.524931,0.58553,1.5475,1.3874,34.72,36.2
DOGE,buy_sell_tweets,60,2607,1826,1826,781,1.020261,0.187044,0.727944,0.814043,1.4016,1.2533,34.12,36.04
