group_type,coin,signal,horizon_minutes,candidates,valid_price_events,correct,wrong,tie_included_in_wrong,no_price,correct_probability_percent
coin,BTC,BUY_OR_SELL,5,242,240,132,108,0,2,55.0
coin,BTC,BUY_OR_SELL,10,242,240,139,101,0,2,57.92
coin,BTC,BUY_OR_SELL,15,242,240,127,113,0,2,52.92
coin,BTC,BUY_OR_SELL,30,242,240,138,102,0,2,57.5
coin,BTC,BUY_OR_SELL,60,242,240,135,105,0,2,56.25
coin,DOGE,BUY_OR_SELL,5,2607,1826,871,955,151,781,47.7
coin,DOGE,BUY_OR_SELL,10,2607,1826,909,917,65,781,49.78
coin,DOGE,BUY_OR_SELL,15,2607,1826,911,915,63,781,49.89
coin,DOGE,BUY_OR_SELL,30,2607,1826,903,923,38,781,49.45
coin,DOGE,BUY_OR_SELL,60,2607,1826,899,927,27,781,49.23
coin,ETH,BUY_OR_SELL,5,84,84,39,45,1,0,46.43
coin,ETH,BUY_OR_SELL,10,84,84,38,46,1,0,45.24
coin,ETH,BUY_OR_SELL,15,84,84,43,41,0,0,51.19
coin,ETH,BUY_OR_SELL,30,84,84,36,48,1,0,42.86
coin,ETH,BUY_OR_SELL,60,84,84,39,45,0,0,46.43
coin,SOL,BUY_OR_SELL,5,14,6,4,2,0,8,66.67
coin,SOL,BUY_OR_SELL,10,14,6,5,1,0,8,83.33
coin,SOL,BUY_OR_SELL,15,14,6,5,1,0,8,83.33
coin,SOL,BUY_OR_SELL,30,14,6,3,3,0,8,50.0
coin,SOL,BUY_OR_SELL,60,14,6,2,4,0,8,33.33
coin_signal,BTC,BUY,5,237,235,129,106,0,2,54.89
coin_signal,BTC,BUY,10,237,235,136,99,0,2,57.87
coin_signal,BTC,BUY,15,237,235,123,112,0,2,52.34
coin_signal,BTC,BUY,30,237,235,137,98,0,2,58.3
coin_signal,BTC,BUY,60,237,235,133,102,0,2,56.6
coin_signal,BTC,SELL,5,5,5,3,2,0,0,60.0
coin_signal,BTC,SELL,10,5,5,3,2,0,0,60.0
coin_signal,BTC,SELL,15,5,5,4,1,0,0,80.0
coin_signal,BTC,SELL,30,5,5,1,4,0,0,20.0
coin_signal,BTC,SELL,60,5,5,2,3,0,0,40.0
coin_signal,DOGE,BUY,5,2461,1729,826,903,143,732,47.77
coin_signal,DOGE,BUY,10,2461,1729,864,865,62,732,49.97
coin_signal,DOGE,BUY,15,2461,1729,870,859,63,732,50.32
coin_signal,DOGE,BUY,30,2461,1729,855,874,38,732,49.45
coin_signal,DOGE,BUY,60,2461,1729,851,878,26,732,49.22
coin_signal,DOGE,SELL,5,146,97,45,52,8,49,46.39
coin_signal,DOGE,SELL,10,146,97,45,52,3,49,46.39
coin_signal,DOGE,SELL,15,146,97,41,56,0,49,42.27
coin_signal,DOGE,SELL,30,146,97,48,49,0,49,49.48
coin_signal,DOGE,SELL,60,146,97,48,49,1,49,49.48
coin_signal,ETH,BUY,5,69,69,33,36,1,0,47.83
coin_signal,ETH,BUY,10,69,69,32,37,1,0,46.38
coin_signal,ETH,BUY,15,69,69,35,34,0,0,50.72
coin_signal,ETH,BUY,30,69,69,28,41,1,0,40.58
coin_signal,ETH,BUY,60,69,69,32,37,0,0,46.38
coin_signal,ETH,SELL,5,15,15,6,9,0,0,40.0
coin_signal,ETH,SELL,10,15,15,6,9,0,0,40.0
coin_signal,ETH,SELL,15,15,15,8,7,0,0,53.33
coin_signal,ETH,SELL,30,15,15,8,7,0,0,53.33
coin_signal,ETH,SELL,60,15,15,7,8,0,0,46.67
coin_signal,SOL,BUY,5,14,6,4,2,0,8,66.67
coin_signal,SOL,BUY,10,14,6,5,1,0,8,83.33
coin_signal,SOL,BUY,15,14,6,5,1,0,8,83.33
coin_signal,SOL,BUY,30,14,6,3,3,0,8,50.0
coin_signal,SOL,BUY,60,14,6,2,4,0,8,33.33
overall,ALL,BUY_OR_SELL,5,2947,2156,1046,1110,152,791,48.52
overall,ALL,BUY_OR_SELL,10,2947,2156,1091,1065,66,791,50.6
overall,ALL,BUY_OR_SELL,15,2947,2156,1086,1070,63,791,50.37
overall,ALL,BUY_OR_SELL,30,2947,2156,1080,1076,39,791,50.09
overall,ALL,BUY_OR_SELL,60,2947,2156,1075,1081,27,791,49.86
