text,signal,confidence,reason,ticker,username,created_at,retweets_count,likes_count,followers_count,replies_count,evaluation
"If you had invested $100 in bitcoin in 2010, you would have $75 million today.",BUY,1.0,The mention of a significant return on investment in BTC is positive for the market.,BTC,tailopez,2017-10-04 02:30:05 IST,2862,6320,660221,237,correct
"With 80% of total supply now outstanding, #bitcoin's hyperinflationary days are well behind it. Now the disinflation should get interesting.  https://t.co/DAfxhMqElM",BUY,0.8,"The author is optimistic about Bitcoin's future, citing a reduction in hyperinflationary days.",BTC,cburniske,2017-10-04 14:18:35 IST,519,947,174292,64,correct
BREAKING: Greek court rules to extradite Russian bitcoin fraud suspect Alexander Vinnik to the United States.,NEUTRAL,0.5,A news article about a court ruling to extradite a Russian suspect is not directly related to the BTC market movement.,BTC,ap,2017-10-04 12:23:44 IST,281,417,15169402,23,incorrect
#bitJob #ICO #bitcoin   ATM   https://t.co/hC4qOPI8o0,NEUTRAL,0.7,ICO news is ambiguous and does not provide clear market direction for BTC.,BTC,bitjob_team,2017-10-04 19:18:27 IST,381,288,5036,0,incorrect
Another proud partnership - thanks bitcoin brains!   #ICO #bitJob      https://t.co/eY9rT3CS7t,BUY,0.3,The tweet is a partnership announcement which can be perceived as positive for BTC.,BTC,bitjob_team,2017-10-04 18:04:02 IST,353,301,5036,3,correct
"#kapucoin #theguardian #dpos Buy:  https://tec.kapu,one #chainarch #bitcoin  #cryptocurrency  https://t.co/HTFAuSpQKb",BUY,0.8,Positive news about Kapucoin in The Guardian and a link to the platform can increase interest and potential price growth.,BTC,kapucoin,2017-10-04 04:41:43 IST,250,348,2901,2,correct
Mark Cuban weighs in on bitcoin: “I think blockchain is a great platform for future applications.”  https://t.co/UWgLNNnKM3  https://t.co/2QrBU3IoI1,NEUTRAL,0.6,Mark Cuban's statement is neutral as he doesn't mention specific price movements or market sentiment for Bitcoin.,BTC,business,2017-10-04 07:01:32 IST,189,286,7347067,29,incorrect
Read the latest TriForce Tokens PR from our partners Bitcoin PR Buzz -&gt;  https://t.co/MmmnFkbobM  #blockchain #gaming #revolution #ICO #p2p  https://t.co/MBIuQ4l4lJ,NEUTRAL,0.7,A partnership announcement from a PR firm is generally neutral without specific market impact details.,BTC,forceprotocoluk,2017-10-04 23:12:19 IST,261,247,2176,2,incorrect
Retweet to Win a Ledger Nano! VOTE FOR #SUBSTRATUM and win 10K Substrate!  https://t.co/QYUvfAk9qX #VoteSub #btc #eth @binance_2017 #subnano  https://t.co/cSxDjZ3CrL,NEUTRAL,0.0,"The tweet is a promotion for Ledger Nano and voting campaign with Substrate, unrelated to market movement or sentiment.",BTC,substratumnet,2017-10-04 14:33:50 IST,348,132,56031,48,incorrect
"#Binance has raised Level 2 daily withdrawal limit to 100 BTC, enjoy!",BUY,0.6,Binance increasing withdrawal limits can be a positive signal for BTC as it may increase user trust and activity.,BTC,binance,2017-10-04 19:15:37 IST,81,321,4133007,27,correct
Greek court rules to extradite Russian bitcoin fraud suspect to the United States.  https://t.co/98mjb6C7bT,NEUTRAL,0.5,Extradition news does not directly impact BTC market price or sentiment.,BTC,ap,2017-10-04 13:06:06 IST,53,79,15169402,5,incorrect
Large Japanese Energy Supplier Adds Bitcoin Payments With a Discount  https://t.co/FD0oITEwn2 via @BTCTN,BUY,0.7,Japanese energy supplier adding BTC payments is positive for the market.,BTC,erikvoorhees,2017-10-04 23:07:43 IST,131,248,489814,11,correct
Are you protected? Look for our #experttips over the National Cyber Security Awareness Month- October. #Equifaxbreach #VFY #blockchain #btc,NEUTRAL,0.7,The tweet promotes #experttips related to blockchain and cybersecurity awareness month but does not specifically mention anything positive or negative about the price of BTC.,BTC,yverif,2017-10-04 01:00:32 IST,205,188,1599,2,incorrect
Is #Blockchain Technology the Solution to Health Care's Data Woes? #Equifaxbreach #cryptocurrency #bitcoin #btc       https://t.co/vIj94peXYA,NEUTRAL,0.5,"The tweet discusses blockchain technology and its potential impact on healthcare data woes, but does not specifically mention or reference cryptocurrency markets in a way that would significantly influence market movement for BTC.",BTC,yverif,2017-10-04 23:33:21 IST,213,180,1599,0,incorrect
"Goldman Sachs CEO Lloyd Blankfein: Bitcoin’s rise may be like when ""paper money displaced gold""  https://t.co/WDFk0frmw6",NEUTRAL,0.5,Goldman Sachs CEO's comparison to paper money displacing gold is neutral as it doesn't directly indicate a positive or negative sentiment towards BTC.,BTC,marketwatch,2017-10-04 03:17:54 IST,101,178,4020754,6,incorrect
Please visit Verif-y's Discord channel  https://t.co/5RcuWlHRUF  #cryptocurrency #blockchain #ethereum #bitcoin #btc #bitcoins #equifaxbreach,NEUTRAL,0.5,The tweet does not contain any relevant information about the cryptocurrency market or BTC price movement.,BTC,yverif,2017-10-04 22:37:54 IST,201,172,1599,0,incorrect
Current meeting at Stratis: ICO Platform Demo #stratis #bitcoin #blockchain $STRAT $BTC #ICO #platform #demo #development #csharp #dotnet  https://t.co/JOa6msGAF0,NEUTRAL,0.2,"The tweet appears to be a platform update and demo, but does not indicate any significant market sentiment or price movement for BTC.",BTC,stratisplatform,2017-10-04 01:32:25 IST,111,239,157126,18,incorrect
"Goldman Sachs CEO Lloyd Blankfein: Bitcoin’s rise may be like when ""paper money displaced gold""  https://t.co/7VWiRmQnaG",BUY,0.7,Goldman Sachs CEO's comment on Bitcoin's rise being like the displacement of gold by paper money is a positive indicator for BTC.,BTC,marketwatch,2017-10-04 09:44:40 IST,99,103,4020755,8,correct
Large Japanese Energy Supplier Adds Bitcoin Payments With a Discount  https://t.co/nut5Xd1pRB #Bitcoin  https://t.co/FL9f6p9Sg6,BUY,0.7,Large Japanese Energy Supplier adding Bitcoin payments with a discount is generally positive for BTC.,BTC,btctn,2017-10-04 18:30:59 IST,102,136,1350944,5,correct
#Bitcoin is too expensive - to use!  https://t.co/F4kfiVimcT,BUY,0.6,"User's tone suggests they think Bitcoin is currently overpriced and due for a drop, but the word 'is' implies that it may be an issue specific to now rather than an ongoing problem.",BTC,cointelegraph,2017-10-04 06:19:43 IST,92,145,994248,18,correct
Thanks @smithandcrown for listing the Earth Token ICO!  https://t.co/BGBgnz2LzS #cryptocurrency #ethereum #bitcoin #btc #bitcoins #ico #eth  https://t.co/71UT8HvtBB,NEUTRAL,0.2,Listing on a reputable platform is generally positive for an ICO but neutral for existing market movement of BTC.,BTC,earthtokens,2017-10-04 22:01:28 IST,157,132,8859,1,incorrect
.@GoldmanSachs on BTC 👇  https://t.co/AJu3rNhuyn,BUY,0.8,Goldman Sachs mentioning BTC is generally positive for the market.,BTC,coindesk,2017-10-04 00:50:28 IST,66,104,1692169,5,correct
"It’s a long road, but #Bitcoin should be at $6,000 at year end  https://t.co/kjsRhRkENt  https://t.co/BJEtounBzP",BUY,0.6,The tweet suggests a positive future price prediction for BTC at year end.,BTC,cointelegraph,2017-10-04 18:48:20 IST,77,114,994241,10,correct
Thanks for the article about Earth Token ICO @zempafy !  https://t.co/ioF7A3hSlJ We appreciate that! #ethereum #eth #bitcoin #ico #TokenSale  https://t.co/bEJ0Jizu7A,NEUTRAL,0.2,The tweet is a thank you message to an author and unrelated to the market movement of BTC.,BTC,earthtokens,2017-10-04 13:52:46 IST,146,116,8859,0,incorrect
"Thanks for the listing of @earthtokens , Bitcoin Market Journal  https://t.co/wk7MJ5HDC5 we appreciate it! Our ticker will be EARTH #ethereum  https://t.co/RnRQUHvfVg",NEUTRAL,0.3,The tweet is a thank you message from the coin's own account to another publication and does not contain any information that could influence market movement.,BTC,earthtokens,2017-10-04 11:52:38 IST,138,118,8859,1,incorrect
How th cheat the GMW bracelets??? #crypto #gomineworld #GMW #gomine #bitcoin #ethereum  https://t.co/qa6MeGctle,NEUTRAL,0.7,"The tweet is asking how to cheat the GMW bracelets, which seems unrelated to the market movement of BTC.",BTC,gomineworld,2017-10-04 02:49:20 IST,131,126,273,2,incorrect
ConsenSys to Goldman CEO: Ethereum ‘more useful’ than Bitcoin  https://t.co/vTOufj5SxK,NEUTRAL,0.5,"Ethereum is compared to Bitcoin in a positive light by ConsenSys, but no direct news about BTC is presented.",BTC,cointelegraph,2017-10-04 14:44:13 IST,65,104,994245,10,incorrect
MarketWatch: impactChoice Launches Earth Token Initial Coin Offering #Crowdsale  https://t.co/pK4PIRWc07 #ethereum  #bitcoin #cryptocurrency,BUY,0.5,"Crowdsale announcement can be positive for Ethereum's ecosystem, indirectly benefiting BTC.",BTC,earthtokens,2017-10-04 09:19:56 IST,132,118,8859,1,correct
There is a mandatory #Qtum Ignition (Main Network) update for v1.02   https://t.co/QCGqfxL5Cf  #Bitcoin #Blockchain #Fintech #OpenSource #BTC  https://t.co/a7lLO9Pl8x,NEUTRAL,0.7,"A mandatory network update can be seen as positive for the network's health and stability, but its immediate market impact is neutral.",BTC,qtum,2017-10-04 07:40:39 IST,88,129,245028,3,incorrect
Bitcoin offers no protection for incumbents. The fall from the community's good graces can be swift if your vision for Bitcoin diverges.,NEUTRAL,0.7,"The tweet is a commentary on the community's perception of Bitcoin and its potential impact on Bitcoin's vision and development, but it does not provide clear market-related news or analysis.",BTC,lopp,2017-10-04 18:04:38 IST,52,190,310220,10,incorrect
A great quick video review for new-comers highlighting some of PayPie's key points |  https://t.co/VyDDZ1S2fp   #ICO #tokens #crypto #bitcoin,NEUTRAL,0.5,"The tweet is promotional and informational, but does not contain any market-moving or sentiment-altering information about BTC.",BTC,paypieplatform,2017-10-04 01:45:09 IST,127,120,6545,1,incorrect
"Two guys learning bitcoin live, using my book ""Mastering Bitcoin"".  Episode 1:  https://t.co/1Ym6FCSjnA  @rob_just @CoinGuyBri",NEUTRAL,0.0,A tweet about a book and its link is unrelated to BTC market movement.,BTC,aantonop,2017-10-04 18:38:48 IST,51,154,605940,4,incorrect
"The #Qtum project got mentioned in a @TechCrunch article, thanks!   https://t.co/kkyJHyWowu  #Bitcoin #Blockchain #Fintech #SmartContracts",BUY,0.6,Mention in a TechCrunch article is generally positive for the project and its price.,BTC,qtum,2017-10-04 10:51:19 IST,92,119,245028,3,correct
Sweden’s Largest Online Stockbroker Avanza Bank Adds Bitcoin Services  https://t.co/5FJmFTVeCi #Bitcoin  https://t.co/2epVuPP3yl,BUY,0.8,Sweden's largest online stockbroker adding Bitcoin services is a positive sign for adoption and growth.,BTC,btctn,2017-10-04 04:37:26 IST,55,78,1350928,0,correct
Wow! check out the photos from @guardian  https://t.co/sG0rEFT6O5 @earthtokens presale start 23 Oct.  https://t.co/s0ppdQayAs #bitcoin #ico  https://t.co/4cm4Aesl6c,NEUTRAL,0.5,The tweet is unrelated to the market or technical news about BTC.,BTC,earthtokens,2017-10-04 11:34:40 IST,130,112,8859,0,incorrect
@JmeBBK @Bitcoin_Daddy Thousands!,NEUTRAL,0.5,The tweet 'Thousands!' is vague and lacks specific context or meaningful content related to BTC market movement.,BTC,callux,2017-10-04 03:17:31 IST,6,250,1538209,1,incorrect
"We've dedicated our lives to building bitcoin products, introduced millions to bitcoin, evangelized, long before it was cool. Enemies? 🤔  https://t.co/za9ZyuGgRT",BUY,1.0,The user's history of building and promoting Bitcoin products and their long-standing commitment to the cryptocurrency suggests a positive sentiment towards BTC.,BTC,onemorepeter,2017-10-04 14:55:40 IST,53,220,40069,53,correct
This credit card lets you pay for anything with bitcoin 💳💸  https://t.co/TQq1OtzM0G  https://t.co/TM5tzZBX5L,BUY,0.7,Credit card acceptance of BTC can increase adoption and usage.,BTC,producthunt,2017-10-04 08:34:03 IST,59,140,430593,4,correct
Nice one  Beginner's guide to #Ethereum  #fintech #ICO #cybersecurity #BigData #VR #blockchain #AI #bitcoin MT @Fisher85M  https://t.co/uwbG9VhTC2,NEUTRAL,0.7,A beginner's guide to Ethereum is a neutral and informative post unrelated to market movement.,BTC,spirosmargaris,2017-10-04 10:35:58 IST,121,93,109998,2,incorrect
Not surprised. This is an attack on #Bitcoin. Everyone can see that now.  https://t.co/dbPfDnTHiO,BUY,0.9,"Author's opinion that this is an attack on Bitcoin implies a bullish sentiment, indicating they believe in its value and want to protect it.",BTC,excellion,2017-10-04 16:46:50 IST,57,145,141856,8,correct
#Bitcoin running out of momentum in the short term and could pull back a little; but look at this Bullish Stoch cross at the Weekly TF  https://t.co/qsY0JQVmR8,NEUTRAL,0.6,"The tweet suggests a short-term pullback and a bullish indicator, but no clear direction is given.",BTC,fatihsk87,2017-10-04 14:43:52 IST,53,167,76656,14,incorrect
"Bitcoin Q&amp;A: Decentralized power, leaderless governance  https://t.co/URPujpPOeh",NEUTRAL,0.7,A link to a Bitcoin Q&amp;A does not contain market-moving information.,BTC,aantonop,2017-10-04 01:31:16 IST,49,94,605939,5,incorrect
"BitPay’s Bitcoin Payments Volume Grows by 328%, On Pace for $1 Billion Yearly  https://t.co/lTt31SX5b3 via @bitpay #finance #fintech",BUY,0.6,Positive news from BitPay is generally bullish for Bitcoin.,BTC,erikvoorhees,2017-10-04 00:18:45 IST,44,113,489812,10,correct
The Bank of England probably filled their underground gold vaults with supercomputers mining @Bitcoin_Daddy trust me. They’re cashing in,BUY,0.8,Speculative rumor about institutional involvement could increase demand for BTC.,BTC,jmebbk,2017-10-04 02:50:33 IST,12,139,966606,2,correct
The Bitcoin Association Switzerland has obviously lost his mind by accepting a talk of fraudster Craig S. Wright? 👎  https://t.co/LNNgcTZ7Jq,BUY,0.9,"Tweet contains a strong negative sentiment towards an opposing entity (Craig S. Wright), which could indicate support for BTC.",BTC,_jonasschnelli_,2017-10-04 20:32:19 IST,48,182,38060,20,correct
"Many mistakenly believe Core controls Bitcoin dev. In reality, they'd get dumped for merging contentious changes.  https://t.co/Ba5WBYXRcG",NEUTRAL,0.5,The tweet discusses the control and decision-making process within the Bitcoin development community but does not contain any clear market sentiment or news.,BTC,lopp,2017-10-04 18:09:31 IST,35,143,310220,10,incorrect
Time Before and After Crypto #crypto #bitcoin  https://t.co/yZX8QE5DVO,NEUTRAL,0.0,The tweet does not contain any relevant information about the crypto market or price movement.,BTC,cryptodarock,2017-10-04 03:39:33 IST,49,180,11248,7,incorrect
Please see the #Qtum Community and Development Updates Week of Sept 25th-Oct 2nd   https://t.co/HFyf6qK62P  #Bitcoin #Blockchain #Fintech,NEUTRAL,0.5,The tweet is an announcement from the Qtum Community and does not contain any market-related news or sentiment.,BTC,qtum,2017-10-04 12:49:18 IST,67,86,245028,2,incorrect
How many crypto’s will be heavily used in say 2060 you reckon? @Bitcoin_Daddy,NEUTRAL,0.7,The tweet is asking for a prediction and does not contain any relevant information about the market movement of BTC.,BTC,jmebbk,2017-10-04 03:16:35 IST,2,120,966606,9,incorrect
Intraday H&amp;S top in $BTC. I expect daily chart to morph  https://t.co/CDn7jGTwKy,BUY,0.7,Intraday H&S top formation is generally bullish and can be a sign of further price increase.,BTC,peterlbrandt,2017-10-04 22:36:33 IST,37,80,528381,12,correct
What are some #BlockChain use-cases? v/@Fisher85M   #IoT #Industry40 #CyberSecurity #FinTech #Bitcoin #innovation #voting #Crypto #Insurtech  https://t.co/F7CyiwLAb0,NEUTRAL,0.7,The tweet is asking about Blockchain use-cases and does not contain any market-moving information for BTC.,BTC,jacburns_comext,2017-10-04 17:54:08 IST,105,76,37485,1,incorrect
$BTC $BTCUSD play in my head. Heating engines. $Crypto  https://t.co/Vh0HaaKWeN,NEUTRAL,0.7,"The tweet mentions a YouTube video link and references 'heating engines', which is unrelated to market movement.",BTC,crypto_rand,2017-10-04 14:36:25 IST,44,92,267663,15,incorrect
"What if Bitcoin value is stable, but FIAT is the volatile one projecting it in the Bitcoin price.  https://t.co/gNDFzbcRtU",BUY,0.5,"The tweet questions the volatility of FIAT currencies and how it projects onto Bitcoin price, suggesting a potential stabilization of BTC value.",BTC,lordcatoshi,2017-10-04 18:48:08 IST,42,144,52025,23,correct
How #BlockChain Works [#Infographic] #Fintech  #Crypto #AI #ML #IoT #IoE #Bitcoin #CyberSecurity #InfoSec @humayun_owais @ipfconline1  https://t.co/msmngkQijQ,NEUTRAL,0.0,The tweet is an infographic about blockchain technology and does not contain any information related to the market movement or sentiment of BTC.,BTC,chboursin,2017-10-04 11:00:15 IST,104,65,52833,3,incorrect
$EBTC is now supported on imToken! An awesome mobile smart wallet made by @ConsenLabs 😀 #eBTC #ethereum #bitcoin,NEUTRAL,0.3,"The tweet is an announcement of $EBTC being supported on a mobile wallet, which can be considered neutral as it does not directly impact market sentiment.",BTC,ebtctoken,2017-10-04 16:21:46 IST,68,112,2474,33,incorrect
The #Blockchain Ecosystem  {Infographic} [@evankirstel] #MT #fintech #banking #cryptocurrency #bitcoin #XRP #FinServ #AI #ML #bigdata  https://t.co/n1qmV61bRE,NEUTRAL,0.5,The tweet is an infographic link with no direct market-related news or sentiment.,BTC,fisher85m,2017-10-04 00:43:03 IST,91,65,89712,0,incorrect
Looking towards Oct 16th and the release of zPIV- We wanted to take a look back at our progress. What a journey! $btc $eth $neo $xmr $dash  https://t.co/kYPnlEHCzJ,NEUTRAL,0.5,"The tweet is a nostalgic post about the progress of PIVX, mentioning BTC and other coins in passing, but does not contain any specific market analysis or sentiment.",BTC,_pivx,2017-10-04 22:15:23 IST,48,117,67371,4,incorrect
Don't think too long. The rocket ship waits for no one. #Bitcoin  https://t.co/5HZmFij3TE,BUY,0.9,"The tweet is encouraging action and implies a sense of urgency, which can be a positive sign for Bitcoin.",BTC,excellion,2017-10-04 11:14:13 IST,28,117,141857,5,correct
Mark Cuban's comments on #Bitcoin show he's failed to do his homework.,NEUTRAL,0.7,Max Keiser's tweet criticizing Mark Cuban for not doing his homework on Bitcoin is neutral and doesn't contain any clear market analysis or predictions.,BTC,maxkeiser,2017-10-04 04:45:12 IST,22,74,323134,13,incorrect
China Hints at Licensed Bitcoin Exchanges with ‘Zero Tolerance’ on Cryptocurrency Crime  https://t.co/cxYxqhRomA,NEUTRAL,0.8,News about licensed Bitcoin exchanges in China is neutral as it may have both positive and negative effects on the market.,BTC,capitalandceleb,2017-10-04 17:33:20 IST,44,64,203212,2,incorrect
@OneMorePeter @JihanWu @wences is Bitcoin's value cheap payments or permissionless uncensorable money? my bet is on the latter &amp; so we should scale while preserving value.,BUY,0.8,"The user believes Bitcoin's value should be preserved while scaling, indicating a long-term focus which is positive for price.",BTC,adam3us,2017-10-04 19:41:49 IST,16,85,314731,6,correct
Every time I see a #bitcoin sticker in the wild I feel like a kid happening upon an Easter egg.,BUY,0.9,"The author's sentiment is positive and enthusiastic, indicating a favorable market sentiment for BTC.",BTC,cburniske,2017-10-04 03:30:16 IST,21,114,174292,8,correct
Explosion in #cryptocurrency this year!   #banking #tech #IoT #blockchain #bigdata  #disruption #fintech #SmartCity #btc $btc #startup #AI  https://t.co/qQAErqdfcV,BUY,0.7,"The tweet mentions an 'explosion' in cryptocurrency this year, which is a positive sentiment.",BTC,jblefevre60,2017-10-04 10:38:51 IST,75,57,83176,0,correct
"@OneMorePeter @JihanWu @wences trying to pivot Bitcoin tech from open, decentralised &amp; ethos preservation to centralised corporate group is a mistake of grand order.",SELL,0.9,Critical of a potential shift in Bitcoin's underlying principles and ethos.,BTC,adam3us,2017-10-04 19:45:23 IST,12,91,314731,6,incorrect
He doesn't offer a single point indicating he's informed in the slightest on the subject of #Bitcoin.  https://t.co/rROw1WuX37,NEUTRAL,0.0,The tweet does not provide any clear indication of a market signal for BTC.,BTC,maxkeiser,2017-10-04 21:45:52 IST,14,73,323136,18,incorrect
"@el33th4xor @nairbv @bergealex4 @jgarzik no exchange is going to delete bitcoin listing and replace it with segwit2x, they will list Bitcoin and Bizcoin separately, rest is market.",NEUTRAL,0.5,The tweet discusses a potential fork in the Bitcoin network (Segwit2x) but does not express a clear opinion on its market impact.,BTC,adam3us,2017-10-04 07:08:02 IST,13,80,314732,9,incorrect
Article: Bitcoin Cash to be Airdropped on Students - The First Ever  Link:  https://t.co/R5iMSjwsuh  https://t.co/2MZZsS2LqP,NEUTRAL,0.3,The tweet is about an article regarding Bitcoin Cash airdrop on students and doesn't provide any significant market sentiment or news that could directly impact the price of BTC.,BTC,_bitcoinsv,2017-10-04 12:10:52 IST,34,88,113780,26,incorrect
This is what I expect from a CEO @stratisplatform #bitcoin #stratis $STRAT $BTC #blockchain #development #fintech #dotnetcore #csharp  https://t.co/pq1nzdDON1,NEUTRAL,0.2,"Tweet is about a specific incident at Stratis platform and has mentions of BTC, but does not directly affect the market sentiment for BTC.",BTC,khil0ne,2017-10-04 20:54:21 IST,48,105,11360,1,incorrect
$TWTR Mark Cuban Confirms Stakes in Twitter and Bitcoin  https://t.co/V4CRcAk9V8 via @YahooFinance,BUY,0.5,Mark Cuban's stake in BTC and Bitcoin is a positive sign for the cryptocurrency.,BTC,pnani456,2017-10-04 03:36:03 IST,57,95,1530,3,correct
"All bullshit aside, I never want to go back to traditional money after using Bitcoin. So much better than the legacy system.",BUY,1.0,The user's sentiment is extremely positive towards Bitcoin and prefers it over traditional money.,BTC,fillbeforeshill,2017-10-04 14:33:30 IST,23,129,33616,6,correct
"Total marketcap of all $crypto is 33.8 million $BTC. Shows value of net demand for all features in #bitcoin or not, + speculation premium.  https://t.co/roHWPNuvBW",NEUTRAL,0.5,"The tweet discusses market cap and value of net demand for Bitcoin, but does not contain a clear buying or selling signal.",BTC,notsofast,2017-10-04 18:24:20 IST,20,65,167687,7,incorrect
You can remove  https://t.co/jm7ThrZzmV as well.  Why the fuck is @bitcoin_ch helping promote a scammer?  CC: @mir_btc @giacomozucco  https://t.co/io3OGHYhut,SELL,0.8,"Tweet from a reputable source (peterktodd) criticizing @bitcoin_ch for helping promote a scammer, which can create negative sentiment towards BTC.",BTC,peterktodd,2017-10-04 23:27:41 IST,17,81,143767,9,incorrect
"How's #BitcoinCash doing? I thought u guys say it's supposed to be the ""REAL BITCOIN"" and overtake its price. #BitcoinCrash $BCC #ChinaCoin",NEUTRAL,0.7,The tweet's content does not directly impact the market value of BTC; it seems to be a commentary on another coin (BCC) and its relation to Bitcoin.,BTC,cryptosqueeze,2017-10-04 12:41:17 IST,15,97,113273,21,incorrect
"And btw @bitcoincoreorg contributors have done far more for #Bitcoin, for far longer, with far less reward. What have you contributed?",NEUTRAL,0.0,Tweet is a commentary on the Bitcoin community and does not have any market impact or relevance.,BTC,excellion,2017-10-04 16:39:13 IST,16,84,141856,3,incorrect
"If you have to spoof the bitcoin P2P network to have your nodes recognized, you can no longer claim 90%+ consensus. #no2x",SELL,0.8,"If a project requires spoofing the P2P network to be recognized, it may indicate a lack of trust or legitimacy in the network's consensus.",BTC,jratcliff,2017-10-04 22:56:34 IST,29,125,8056,3,incorrect
"Blockstream's Andrew Poelstra on how applied cryptography, the technology behind #Bitcoin, could've helped the SEC.  https://t.co/ASQxafOTAF  https://t.co/jA4Qlr4T7Z",NEUTRAL,0.2,"The tweet discusses a presentation about applied cryptography and its potential applications, but does not contain any specific information that would directly impact the price of BTC.",BTC,blockstream,2017-10-04 20:26:51 IST,24,55,149043,1,incorrect
$BTC 4H Update.  https://t.co/qSaIhqu8JK,NEUTRAL,0.6,A 4H update link is provided but does not contain any specific information about BTC price movement.,BTC,cointradernik,2017-10-04 18:10:28 IST,23,69,97496,11,incorrect
Open Letter to SegWit2X Supporters: Don’t Be On The Wrong Side of Bitcoin History. @Austerity_Sucks  https://t.co/efabvbJy0X  https://t.co/WGuaTGjWRc,BUY,0.9,Criticism of SegWit2X may be positive for BTC as it could reduce uncertainty and support the core protocol.,BTC,worldcryptonet,2017-10-04 00:31:05 IST,35,66,58758,3,correct
ICO alerts on the Stratis app ( https://t.co/WGUhxTXKeg) and funds being raised in $STRAT.. @stratisplatform #bitcoin #blockchain #stratis  https://t.co/9pnrZLOHFv,BUY,0.8,ICO news is generally positive for the coin's price and can attract new investors.,BTC,khil0ne,2017-10-04 01:52:39 IST,50,70,11360,1,correct
"Salt·y Pleb: A person who suffers from lack of #bitcoin, due to a chronic obsession with Dutch tulips.",BUY,0.9,A nostalgic reference to Dutch tulips is historically associated with a rise in BTC price.,BTC,cryptohustle,2017-10-04 19:07:22 IST,14,71,125940,2,correct
11/ I think there *is* a significant number of people that will convert *all* their 2x coins to BTC as soon as it’s safe to do so.,BUY,0.8,Potential large-scale BTC conversion can increase demand and price.,BTC,cremedelacrypto,2017-10-04 21:42:49 IST,13,78,104477,5,correct
"Once or twice maybe you can get away as being uninformed, but as things stand, it's clear you want to kill #Bitcoin, therefore, enemies.",BUY,0.6,"The user's statement implies a strong bias against the person they're addressing, which could be interpreted as an attempt to provoke or distract from their own potential negative views on #Bitcoin.",BTC,excellion,2017-10-04 16:37:26 IST,11,55,141856,2,correct
"Not sure where the market will be in 10 years. But pretty sure by then we have our own private island already, thanks to $BTC yearly growth  https://t.co/SfCyDIyzlz",BUY,1.0,"The user is optimistic about the future growth of $BTC, indicating a positive sentiment.",BTC,cryptosqueeze,2017-10-04 07:17:29 IST,9,80,113273,5,correct
"12/ Ultimately, given its value as “digital gold” I think BTC rallies coming out of this for proving its resilience and resistance to change",BUY,0.5,"Tweet implies resilience and resistance to change of BTC as digital gold, suggesting a potential upward movement.",BTC,cremedelacrypto,2017-10-04 21:43:01 IST,13,71,104477,5,correct
Greek court rules to extradite Russian bitcoin fraud suspect Alexander Vinnik to the US  https://t.co/FHKiEkom5l @MrFelt_,NEUTRAL,0.6,The tweet is about a court ruling on a Russian suspect and does not contain any direct information or sentiment about the Bitcoin market.,BTC,lululemew,2017-10-04 20:12:51 IST,41,61,24596,5,incorrect
@mikeinspace @bitcoinmom Haha I actually got into Bitcoin cause one day after school I came home to @aantonop leading a Bitcoin meetup in my living room,NEUTRAL,0.7,A personal anecdote about getting into Bitcoin is unlikely to significantly impact market movement.,BTC,jackmallers,2017-10-04 07:18:27 IST,9,77,98300,6,incorrect
"4/ As such, I believe the “BTC” ticker will be near-universally applied to the original chain and *not* to the 2x fork. This is important.",NEUTRAL,0.5,Tweet is discussing potential naming conventions and doesn't have a clear positive or negative market impact.,BTC,cremedelacrypto,2017-10-04 21:41:13 IST,15,49,104477,3,incorrect
Versions of the Stratis ICO Platform @stratisplatform #bitcoin #stratis $STRAT $BTC #blockchain #development #ico #platform #dotnetcore  https://t.co/oALZLcUNgX,BUY,0.4,Tweets mentioning the Stratis ICO Platform and its relationship to BTC could imply positive sentiment for BTC.,BTC,khil0ne,2017-10-04 20:52:25 IST,36,73,11360,0,correct
Bcash is 3777 blocks ahead of BTC due to difficulty reset feature. Which means BCH is inflated by 47212.5 coins worth 4249 BTC ($18.3M).,SELL,1.0,"The tweet highlights a potential negative market impact of the difficulty reset feature on BCH, which could be bearish for BTC due to its correlation with BCH.",BTC,oleganza,2017-10-04 00:39:33 IST,25,84,19473,4,incorrect
Bitcoin Cash top google search result is a fake news website owned by Craig Wright's biggest investor.  https://t.co/kCT7tlEGhl,NEUTRAL,0.0,Tweet is unrelated to market movement and contains speculation.,BTC,dandarkpill,2017-10-04 04:59:55 IST,20,61,54918,1,incorrect
“One of the World's Biggest Bitcoin Exchanges Just Added a New Cryptocurrency”— https://t.co/Vatkhregwf Bithumb/Zcash! by @rhhackett,NEUTRAL,0.7,"The tweet is about a positive development for Zcash (ZEC) on Bithumb, but it doesn't directly mention BTC or provide significant market-moving news.",BTC,zooko,2017-10-04 02:39:38 IST,13,67,64796,2,incorrect
