coin,source_dataset,source_row_number,tweet_id,tweet_url,text,is_tweet_related_to_coin,signal,impact_strength,confidence,reason,ticker,username,influencer_name,created_at_utc
SOL,data/SOL influencer tweets.csv,1,1.1903166856993382e+18,https://x.com/solana/status/1190316685699338240,"See yall tonight! Join us for an open bar and presentations from @MakerDAO, @0xProject, @chainlink and more 🙂    https://t.co/0aJxgtFMS3  We have over 450 RVSPs and suggest showing up by 530 to ensure entry",False,NEUTRAL,0,1.0,"The tweet mentions the word 'open bar' and several project names, but it does not mention SOLana or its ecosystem.",SOL,solana,Solana official,2019-11-01T17:16:27Z
SOL,data/SOL influencer tweets.csv,2,1.190326259261137e+18,https://x.com/solana/status/1190326259261136897,"@MakerDAO @0xProject @chainlink @dydxprotocol @ddexio2018 @hummingbot After the presentations, we will be hosting a fireside chat between @SergeyNazarov CEO of @chainlink, @abandeali1 Co-founder &amp; CTO of @0xProject, and @aeyakovenko CEO of @solana",True,NEUTRAL,2,0.4,"The tweet mentions @solana and hosts a fireside chat with the CEO of Solana, but it does not provide clear information about Solana's market direction.",SOL,solana,Solana official,2019-11-01T17:54:30Z
SOL,data/SOL influencer tweets.csv,3,1.213223793981739e+18,https://x.com/solana/status/1213223793981739008,"Here is the full recap video from our recent DeFi event with @MakerDAO, @chainlink, @0xProject, @hummingbot_io and more!   https://t.co/fsSzAmudsI",True,NEUTRAL,1,0.5,"The tweet mentions a DeFi event with Solana, but it is a recap video and does not contain any clear short-term price direction information.",SOL,solana,Solana official,2020-01-03T22:21:07Z
SOL,data/SOL influencer tweets.csv,4,1.241914276123558e+18,https://x.com/rajgokal/status/1241914276123557889,This is a big one. Can't wait to see next-gen financial systems get built with this @solana @Chainlink integration,True,BUY,4,0.8,"The tweet mentions @solana and @Chainlink integration, which is directly related to SOL and may increase interest in the coin due to its potential for growth.",SOL,rajgokal,Raj Gokal,2020-03-23T02:26:51Z
SOL,data/SOL influencer tweets.csv,5,1.2419154184338678e+18,https://x.com/solana/status/1241915418433867782,".@Chainlink is bringing high-quality, high-speed price oracle data to Solana! Get to building, yall. The future of #DeFi  awaits.",True,BUY,4,0.8,"The tweet is directly related to Solana and Chainlink bringing high-quality, high-speed price oracle data may increase adoption and usage of the SOL network.",SOL,solana,Solana official,2020-03-23T02:31:24Z
SOL,data/SOL influencer tweets.csv,6,1.2421353379560776e+18,https://x.com/solana/status/1242135337956077582,Thanks @cryptonewszcom for the great coverage of our partnership announcement with @chainlink.  We are excited for #Chainlink to bring high-quality &amp; high-speed oracle data to Solana! This partnership is going to revolutionize DeFi as we know it.     https://t.co/bmR38L57HY,True,BUY,5,0.9,"The tweet directly mentions Solana (SOL) and its partnership with Chainlink, which is a positive development for the coin.",SOL,solana,Solana official,2020-03-23T17:05:16Z
SOL,data/SOL influencer tweets.csv,7,1.24740178189568e+18,https://x.com/solana/status/1247401781895680006,"Binance will list Solana (SOL) and open trading for SOL/BNB, SOL/BTC and SOL/BUSD trading pairs at 2020/04/09 4:00 AM (UTC). Users can now start depositing SOL in preparation for trading.     https://t.co/KssrNzq7JX",True,BUY,5,1.0,"The tweet directly mentions Solana (SOL) and announces its listing on Binance, which is a clear bullish factor for the Coin's short-term price direction.",SOL,solana,Solana official,2020-04-07T05:52:15Z
SOL,data/SOL influencer tweets.csv,8,1.2484623265812275e+18,https://x.com/solana/status/1248462326581227523,"SOL/BNB, SOL/BTC, and SOL/BUSD trading pairs are now live on @binance 🔥   https://t.co/5aBM7UBYwv",True,BUY,4,0.8,"The tweet directly mentions SOL and its trading pairs going live on a major exchange, which is a clear bullish factor.",SOL,solana,Solana official,2020-04-10T04:06:28Z
SOL,data/SOL influencer tweets.csv,9,1.249027641102852e+18,https://x.com/solana/status/1249027641102852101,$SOL is the leading #btc trading pair on @binance right now  https://t.co/HovvwlAiF9,True,NEUTRAL,1,0.6,"The tweet mentions SOL as a leading trading pair on Binance, but it does not provide clear bullish or bearish information for the short-term market reaction.",SOL,solana,Solana official,2020-04-11T17:32:50Z
SOL,data/SOL influencer tweets.csv,10,1.2497245318973194e+18,https://x.com/solana/status/1249724531897319428,Learn more about how @chainlink is bringing high-quality &amp; high-speed price oracle data to the Solana network   https://t.co/i9vuQSh2Wg,True,NEUTRAL,2,0.5,"The tweet mentions the Solana network and Chainlink's oracle data, but it does not provide clear information about a short-term price direction for SOL.",SOL,solana,Solana official,2020-04-13T15:42:01Z
SOL,data/SOL influencer tweets.csv,11,,,"Solana mainnet just passed ethereum in block count, and hit a huge milestone, over 10 million blocks!   https://t.co/aiIWBg1j78 Some fun stats: * Slot: 10,840,580 * Block: 10,503,497 * MAX tps: 1155 * Mean: 162 * 585,084,760 transactions processed! * 25 epochs - 50 days of uptime!",True,BUY,5,0.9,"The tweet directly mentions Solana (Solana mainnet) and reports a significant milestone of over 10 million blocks, which may increase investor interest and confidence in the project.",SOL,aeyakovenko,Anatoly Yakovenko,2020-05-13T22:41:53Z
SOL,data/SOL influencer tweets.csv,12,,,"The irony is that almost all of those VCs that funded eth competitors were created by the eth bull run.  Eth ""killer"" or ""friend"" is lame.  We are competing. Competition breeds excellence. Only the strongest can free the 🌎 from the🧛‍♂️🦑",True,NEUTRAL,3,0.5,"The tweet mentions a competitor to ETH and discusses competition, which is relevant to SOL as it competes with other projects in the ecosystem.",SOL,aeyakovenko,Anatoly Yakovenko,2020-05-29T05:50:39Z
SOL,data/SOL influencer tweets.csv,13,,,"@kaiynne The whole ""killers"" thing is super lame.  We are all competitors. Even the dapps that are succeeding on eth are competing with eth. It's not a big deal. Competition pushes everyone to excellence. Only the best will have a chance against the 🧛‍♀️🦑",False,NEUTRAL,0,0.9,The tweet does not mention SOL or its ecosystem in a way that affects the short-term market direction.,SOL,aeyakovenko,Anatoly Yakovenko,2020-06-05T14:21:37Z
SOL,data/SOL influencer tweets.csv,14,,,Fundamental difference between @solana and @ethereum and eth2.  I believe that horizontally scaling the chain with silicon is the best path to optimize censorship resistant compute (cont),True,BUY,4,0.7,"The tweet compares Solana (solana) with Ethereum and eth2, suggesting a fundamental difference and potentially praising the scalability of Solana, which can be seen as bullish for SOL.",SOL,aeyakovenko,Anatoly Yakovenko,2020-06-22T19:51:03Z
SOL,data/SOL influencer tweets.csv,15,1.2806922220908175e+18,https://x.com/solana/status/1280692222090817537,"The Solana Foundation is excited to share that the SOL token will be listed on MXC at 3 AM UTC on Wednesday, July 8th! The initial trading pairs will be SOL/BTC and SOL/USDT. To thank our growing global community, Solana will be giving away ◎26,666.67   https://t.co/TmnBLekgcJ",True,BUY,5,0.9,"The tweet is directly related to SOL and announces its listing on MXC with initial trading pairs, which is a clear bullish factor.",SOL,solana,Solana official,2020-07-08T02:36:34Z
SOL,data/SOL influencer tweets.csv,16,1.2925304584299725e+18,https://x.com/solana/status/1292530458429972481,".@solana and @chainlink will be hosting an AMA in the Solana Korean Telegram channel on August 12th, 7 PM KST. More info below 👇",True,NEUTRAL,2,0.6,"The tweet is related to SOL as it mentions an AMA in the Solana Korean Telegram channel, but it lacks enough visible context to determine a short-term SOL price direction.",SOL,solana,Solana official,2020-08-09T18:37:30Z
SOL,data/SOL influencer tweets.csv,17,,,Some reasons why crypto may continue to grow beyond PoW/bitcoin.  PoW solved settlement counter party risk.  In a slow organic way grew a whole new industry of financial institutions that understand cryptography. (cont),True,NEUTRAL,2,0.4,"The tweet discusses crypto growth beyond PoW/bitcoin, but it does not directly mention SOL or provide clear short-term price direction.",SOL,aeyakovenko,Anatoly Yakovenko,2020-08-24T04:41:01Z
SOL,data/SOL influencer tweets.csv,18,1.3042522084191478e+18,https://x.com/solana/status/1304252208419147776,"“Given Tether is the lifeblood of DeFi and Ethereum network transaction costs have skyrocketed recently, a Solana-based USDt might enable greater DeFi adoption given a key bottleneck has been removed.” 🤔   https://t.co/dX1kfM5hTf",True,BUY,4,0.7,"The tweet is directly related to SOL and mentions the potential for greater DeFi adoption, which could be bullish for SOL.",SOL,solana,Solana official,2020-09-11T02:55:32Z
SOL,data/SOL influencer tweets.csv,19,1.306644088452649e+18,https://x.com/solana/status/1306644088452648960,"The Solana community in the United States has been eagerly awaiting the chance to trade SOL on a US exchange, and now that day has come. SOL/USDT, SOL/USD, and SOL/BTC pairs are all open for trading on @ftx_us 🎉   https://t.co/7JjHlWLsn7",True,BUY,3,0.8,"The tweet is directly related to SOL and announces the opening of trading pairs on a US exchange, which may increase access and demand.",SOL,solana,Solana official,2020-09-17T17:20:01Z
SOL,data/SOL influencer tweets.csv,20,,,"Anyone interested in running an @ethereum ORU on @solana? Not for a solana layer-2, for etheruem.  I think the ORU users can benefit from a fast rotating censorship resistant sequencer.",True,BUY,4,0.7,"The tweet is directly related to SOL and proposes integrating an Ethereum ORU on Solana, which may increase adoption and use of the Solana network.",SOL,aeyakovenko,Anatoly Yakovenko,2020-09-22T01:55:54Z
SOL,data/SOL influencer tweets.csv,21,,,"Orthogonal solutions are often complimentary. @ethereum vision's millions Raspberry PIs split into shards, vs @solana 100,000+ single shard of SIMD accelerated nodes both offer a path to censorship resistance. Which is cool, despite us competing to create value for users.⚔️🧛‍♂️🦑",True,NEUTRAL,1,0.6,"The tweet mentions Solana (SOL) and compares it to Ethereum, but the comparison is more about the technical differences between the two networks rather than providing clear bullish or bearish information for SOL.",SOL,aeyakovenko,Anatoly Yakovenko,2020-09-23T17:20:15Z
SOL,data/SOL influencer tweets.csv,22,1.3141909200241254e+18,https://x.com/solana/status/1314190920024125440,"1) Announcing: Wormhole - a secure, trustless bridge connecting Ethereum to Solana. 🚀   https://t.co/FwGRRluAU5",True,BUY,4,0.8,"The tweet announces a secure and trustless bridge connecting Ethereum to Solana, which is a positive development for the Solana ecosystem.",SOL,solana,Solana official,2020-10-08T13:08:26Z
SOL,data/SOL influencer tweets.csv,23,1.3451465801527132e+18,https://x.com/solana/status/1345146580152713217,"Episode #33 of The Solana Podcast featuring the Co-Founder of @chainlink, @SergeyNazarov, is now live.   https://t.co/d9cxxlLJuh",True,NEUTRAL,1,0.5,"The tweet mentions Solana, but it is a podcast release and lacks clear market direction information.",SOL,solana,Solana official,2021-01-01T23:15:10Z
SOL,data/SOL influencer tweets.csv,24,1.3566347317277e+18,https://x.com/solana/status/1356634731727699970,"3/ The event is supported by leading projects including @AaveAave, @SushiSwap, @circlepay, @Chainlink, @CoinGecko, and more. The overall DeFi ecosystem is looking forward to seeing what gets built in the following weeks! 🏗️  https://t.co/YVupHa2kKr",True,NEUTRAL,2,0.5,"The tweet mentions leading projects including @AaveAave, which has a partnership with Solana, but the context is about an event and its impact on DeFi ecosystem, not directly on Solana price.",SOL,solana,Solana official,2021-02-02T16:04:59Z
SOL,data/SOL influencer tweets.csv,25,,,"@ercwl .@solana is not an eth killer, is windows or plan9 a linux or BSD killer? They have overlapping features, but totally different success stories. The worst idea for Linux was to try to flip Windows/x86/desktop market, and the best success story x86/server and Android/arm/mobile.",False,NEUTRAL,0,0.9,"The tweet is not directly related to SOL and mentions other operating systems (Windows, Plan9) in comparison.",SOL,aeyakovenko,Anatoly Yakovenko,2021-02-03T18:23:11Z
SOL,data/SOL influencer tweets.csv,26,1.357539833980154e+18,https://x.com/solana/status/1357539833980153859,"1/ Interoperability is here, and it's just getting started. Wormhole - a cross-chain bridge between - Solana and Ethereum is now live on Mainnet Beta, with support for @terra_money to follow shortly.",True,BUY,4,0.8,"The tweet is directly related to SOL and announces the release of Wormhole, a cross-chain bridge between Solana and Ethereum, which may increase interoperability and adoption.",SOL,solana,Solana official,2021-02-05T04:01:32Z
SOL,data/SOL influencer tweets.csv,27,1.3646737680822108e+18,https://x.com/solana/status/1364673768082210816,Solana is thrilled to sponsor the @Chainlink Spring 2021 Hackathon!  Sign up today to build innovative DeFi products using @solana and Chainlink.  https://t.co/dhnYH9zJMQ,True,BUY,4,0.8,"The tweet is directly related to SOL and announces a sponsorship of the @Chainlink Spring 2021 Hackathon, which may increase interest and adoption in SOL.",SOL,solana,Solana official,2021-02-24T20:29:15Z
